,year,round,pick,player,position,school,draft_name,identifier,Player,Class,Season,Pos,School,Conf,G,MP.1,FG,FGA,2P,2PA,3P,3PA,FT,FTA,ORB,DRB,TRB,AST,STL,BLK,TOV,PF,PTS,,,,,,,144,2014,1,4,"Gordon, Aaron",PF,Arizona,Aaron Gordon,Aaron Gordon,Aaron Gordon,FR,2013-14,F,Arizona,Pac-12,38,31.2,5,10.1,4.6,8.9,0.4,1.2,2,4.7,2.7,5.3,8,2,0.9,1,1.4,2.4,12.4,,,,,,,200,2015,2,49,"White, Aaron",PF,Iowa,Aaron White,Aaron White,Aaron White,SR,2014-15,F,Iowa,Big Ten,34,31.5,5,9.6,4.4,7.9,0.6,1.7,5.7,7,2.1,5.2,7.3,1.4,1.3,0.5,1.2,1.6,16.4,,,,,,,244,2016,2,58,"Nader, Abdel",SF,Iowa State,Abdel Nader,Abdel Nader,Abdel Nader,SR,2015-16,F,Iowa State,Big 12,35,31.1,4.6,9.6,3.1,5.6,1.5,4,2.2,3,0.7,4.2,5,1.5,1.1,0.7,2.3,2.8,12.9,,,,,,,6,2011,1,12,"Burks, Alec",SG,Colorado,Alec Burks,Alec Burks,Alec Burks,SO,2010-11,G,Colorado,Big 12,38,31.4,6.6,14.1,5.9,11.6,0.7,2.5,6.6,7.9,2.4,4.1,6.5,2.9,1.1,0.3,2.6,2.3,20.5,,,,,,,127,2013,2,57,"Oriakhi, Alex",C,Missouri,Alex Oriakhi,Alex Oriakhi,Alex Oriakhi,SO,2010-11,F,Connecticut,Big East,41,29.1,3.7,7.4,3.7,7.4,0,0,2.1,3.4,3.7,5,8.7,0.4,0.4,1.6,1.1,2.5,9.6,,,,,,,103,2013,2,31,"Crabbe, Allen",SG,California,Allen Crabbe,Allen Crabbe,Allen Crabbe,JR,2012-13,G,University of California,Pac-12,33,36.2,6.5,14.2,4.6,8.6,1.9,5.6,3.4,4.2,1,5.1,6.1,2.6,1.1,0.7,2.5,2.1,18.4,,,,,,,5,2011,2,46,"Goudelock, Andrew",PG,College of Charleston,Andrew Goudelock,Andrew Goudelock,Andrew Goudelock,SR,2010-11,G,College of Charleston,Southern,37,35.2,8.6,18.9,5.1,10.2,3.5,8.7,3,3.6,0.7,3.2,3.9,4.2,0.9,0.2,3.2,1.8,23.7,,,,,,,206,2015,2,44,"Harrison, Andrew",PG,Kentucky,Andrew Harrison,Andrew Harrison,Andrew Harrison,FR,2013-14,G,Kentucky,SEC,40,31.7,3,8.3,2.2,5.9,0.8,2.4,4,5.2,0.8,2.4,3.2,4,0.5,0.2,2.7,3,10.9,,,,,,,157,2014,1,1,"Wiggins, Andrew",SF/SG,Kansas,Andrew Wiggins,Andrew Wiggins,Andrew Wiggins,FR,2013-14,G,Kansas,Big 12,35,32.8,5.4,12.1,4.2,8.5,1.2,3.6,5,6.5,2.2,3.7,5.9,1.5,1.2,1,2.3,2.7,17.1,,,,,,,221,2015,2,34,"Brown, Anthony",SF,Stanford,Anthony Brown,Anthony Brown,Anthony Brown,SR,2014-15,G,Stanford,Pac-12,37,35.7,4.8,11,2.6,6.2,2.1,4.8,3.1,3.9,1.1,5.8,6.9,2.5,0.8,0.2,1.9,2.1,14.8,,,,,,,61,2012,1,1,"Davis, Anthony",PF/C,Kentucky,Anthony Davis,Anthony Davis,Anthony Davis,FR,2011-12,F,Kentucky,SEC,40,32,5.3,8.4,5.2,7.9,0.1,0.5,3.6,5.1,3,7.4,10.4,1.3,1.4,4.7,1,2,14.2,,,,,,,72,2012,1,27,"Moultrie, Arnett",PF,Mississippi St.,Arnett Moultrie,Arnett Moultrie,Arnett Moultrie,JR,2011-12,F,Mississippi State,SEC,30,35.8,6,10.9,5.7,10.3,0.3,0.6,4.1,5.3,3.7,6.8,10.5,1.2,0.8,0.8,2.4,2.2,16.4,,,,,,,52,2012,1,10,"Rivers, Austin",SG,Duke,Austin Rivers,Austin Rivers,Austin Rivers,FR,2011-12,G,Duke,ACC,34,33.2,5.1,11.8,3.4,7.1,1.7,4.7,3.6,5.4,0.6,2.8,3.4,2.1,1,0,2.3,2.2,15.5,,,,,,,304,2017,1,14,"Adebayo, Bam",PF/C,Kentucky,Bam Adebayo,Bam Adebayo,Bam Adebayo,FR,2016-17,F,Kentucky,SEC,38,30.1,4.5,7.5,4.5,7.5,0,0,4.1,6.2,3.1,4.9,8,0.8,0.7,1.5,1.7,2.6,13,,,,,,,265,2016,2,51,"Bentil, Ben",PF,Providence,Ben Bentil,Ben Bentil,Ben Bentil,SO,2015-16,F,Providence,Big East,35,34.2,7,15.2,5.5,10.7,1.5,4.5,5.5,7.1,2.7,5,7.7,1.1,0.9,1,1.9,2.8,21.1,,,,,,,115,2013,1,7,"McLemore, Ben",SG,Kansas,Ben McLemore,Ben McLemore,Ben McLemore,FR,2012-13,G,Kansas,Big 12,37,32.2,5.4,10.8,3.4,6.1,2,4.7,3.2,3.7,1.3,3.9,5.2,2,1,0.7,2.1,1.9,15.9,,,,,,,250,2016,1,1,"Simmons, Ben",PF/PG,LSU,Ben Simmons,Ben Simmons,Ben Simmons,FR,2015-16,F,Louisiana,SEC,33,34.9,6.5,11.7,6.5,11.6,0,0.1,6,9,3.1,8.6,11.8,4.8,2,0.8,3.4,2.8,19.2,,,,,,,192,2015,1,22,"Portis, Bobby",PF,Arkansas,Bobby Portis,Bobby Portis,Bobby Portis,SO,2014-15,F,Arkansas,SEC,36,29.9,6.9,12.9,6.6,12.1,0.4,0.8,3.2,4.3,3.7,5.2,8.9,1.2,1.1,1.4,1.6,2.2,17.5,,,,,,,54,2012,1,3,"Beal, Bradley",SG,Florida,Bradley Beal,Bradley Beal,Bradley Beal,FR,2011-12,G,Florida,SEC,37,34.2,4.7,10.6,3,5.6,1.7,5,3.6,4.7,1.4,5.4,6.7,2.2,1.4,0.8,2.1,2.1,14.8,,,,,,,240,2016,1,2,"Ingram, Brandon",SF,Duke,Brandon Ingram,Brandon Ingram,Brandon Ingram,FR,2015-16,G,Duke,ACC,36,34.6,5.9,13.4,3.7,8,2.2,5.4,3.2,4.7,1.9,4.9,6.8,2,1.1,1.4,2,2.1,17.3,,,,,,,22,2011,1,8,"Knight, Brandon",PG,Kentucky,Brandon Knight,Brandon Knight,Brandon Knight,FR,2010-11,G,Kentucky,SEC,38,35.9,5.7,13.5,3.4,7.4,2.3,6.1,3.6,4.5,0.7,3.4,4,4.2,0.7,0.2,3.2,2.2,17.3,,,,,,,258,2016,1,25,"Johnson, Brice",PF,North Carolina,Brice Johnson,Brice Johnson,Brice Johnson,SR,2015-16,F,North Carolina,ACC,40,28,7.2,11.6,7.2,11.6,0,0,3.9,4.9,2.9,7.5,10.4,1.5,1.1,1.5,1.8,2.7,18.2,,,,,,,262,2016,1,6,"Hield, Buddy",SG,Oklahoma,Buddy Hield,Buddy Hield,Buddy Hield,SR,2015-16,G,Oklahoma,Big 12,37,35.4,8.1,16.2,4.2,7.5,4,8.7,4.8,5.4,1.2,4.5,5.7,2,1.1,0.5,3.1,2.1,25,,,,,,,119,2013,1,10,"McCollum, C. J.",SG,Lehigh,C. J. McCollum,C.J. McCollum,C.J. McCollum,JR,2011-12,G,Lehigh,Patriot,35,33.1,7.3,16.4,5.5,11.3,1.7,5,5.7,7,1.4,5.1,6.5,3.5,2.6,0.5,2.3,2.1,21.9,,,,,,,187,2014,1,28,"Wilcox, C. J.",SG,Washington,C. J. Wilcox,C.J. Wilcox,C.J. Wilcox,SR,2013-14,G,Washington,Pac-12,32,34.9,6.2,13.6,3.3,6.4,2.8,7.2,3.2,3.7,0.7,3,3.7,2.5,1,1,1.7,2.3,18.3,,,,,,,315,2017,1,26,"Swanigan, Caleb",PF,Purdue,Caleb Swanigan,Caleb Swanigan,Caleb Swanigan,SO,2016-17,F,Purdue,Big Ten,35,32.5,6.3,12,5.3,9.6,1.1,2.4,4.7,6,2.7,9.7,12.5,3.1,0.4,0.8,3.4,2.8,18.5,,,,,,,170,2014,2,49,"Bairstow, Cameron",PF/C,New Mexico,Cameron Bairstow,Cameron Bairstow,Cameron Bairstow,SR,2013-14,F,New Mexico,MWC,34,32.9,7,12.5,6.9,12.4,0,0.1,6.4,8.8,2.2,5.1,7.4,1.6,0.6,1.5,2,2.1,20.4,,,,,,,214,2015,1,14,"Payne, Cameron",PG,Murray State,Cameron Payne,Cameron Payne,Cameron Payne,SO,2014-15,G,Murray State,OVC,35,32.2,7,15.3,4.6,9,2.4,6.4,3.8,4.8,0.6,3.1,3.7,6,1.9,0.5,2.5,2.1,20.2,,,,,,,254,2016,1,20,"LeVert, Caris",SG,Michigan,Caris LeVert,Caris LeVert,Caris LeVert,SO,2013-14,G,Michigan,Big Ten,37,34,4.4,10,2.8,6.1,1.6,4,2.5,3.2,0.5,3.8,4.3,2.9,1.2,0.3,1.7,1.7,12.9,,,,,,,100,2013,2,33,"Felix, Carrick",SG,Arizona State,Carrick Felix,Carrick Felix,Carrick Felix,SR,2012-13,G,Arizona State,Pac-12,35,35.3,5.4,10.8,3.9,6.8,1.5,4,2.3,3.5,2.1,6.1,8.1,1.6,1.4,1.1,2,3,14.6,,,,,,,11,2011,2,38,"Parsons, Chandler",SF,Florida,Chandler Parsons,Chandler Parsons,Chandler Parsons,SR,2010-11,F,Florida,SEC,36,34.1,4.3,9,3.1,5.7,1.2,3.3,1.5,2.7,2.1,5.7,7.8,3.8,0.9,0.4,2.3,1.9,11.3,,,,,,,17,2011,2,44,"Jenkins, Charles",PG,Hofstra,Charles Jenkins,Charles Jenkins,Charles Jenkins,SR,2010-11,G,Hofstra,CAA,33,37.3,7.5,14.6,5.5,9.8,2,4.8,5.5,6.7,0.5,2.8,3.4,4.8,1.7,0.7,2.2,2,22.6,,,,,,,146,2014,2,60,"Jefferson, Cory",PF,Baylor,Cory Jefferson,Cory Jefferson,Cory Jefferson,SR,2013-14,F,Baylor,Big 12,38,29,4.8,9.7,4.5,8.7,0.4,1,3.6,5.6,2.8,5.4,8.2,1,0.4,1.3,1.3,2.2,13.7,,,,,,,40,2011,1,29,"Joseph, Cory",PG,Texas,Cory Joseph,Cory Joseph,Cory Joseph,FR,2010-11,G,Texas,Big 12,36,32.4,3.8,8.9,2.3,5.4,1.4,3.5,1.4,2,0.6,2.9,3.6,3,1,0.3,1.5,1.8,10.4,,,,,,,307,2017,1,17,"Wilson, D. J.",PF/SF,Michigan,D. J. Wilson,D.J. Wilson,D.J. Wilson,JR,2016-17,F,Michigan,Big Ten,38,30.4,4.3,8,3.2,5.1,1.1,2.9,1.3,1.6,1.5,3.8,5.3,1.3,0.5,1.5,1.1,1.9,11,,,,,,,218,2015,1,2,"Russell, D'Angelo",PG,Ohio State,D'Angelo Russell,D'Angelo Russell,D'Angelo Russell,FR,2014-15,G,Ohio State,Big Ten,35,33.9,6.6,14.7,3.9,8.1,2.7,6.6,3.4,4.5,1,4.7,5.7,5,1.6,0.3,2.9,2.1,19.3,,,,,,,97,2012,1,6,"Lillard, Damian",PG,Weber State,Damian Lillard,Damian Lillard,Damian Lillard,JR,2011-12,G,Weber State,Big Sky,32,34.5,7.2,15.5,4.3,8.3,2.9,7.2,7.1,8,0.5,4.5,5,4,1.5,0.2,2.3,1.9,24.5,,,,,,,295,2017,2,44,"Dotson, Damyean",SG,Houston,Damyean Dotson,Damyean Dotson,Damyean Dotson,SR,2016-17,G,Houston,AAC,32,34.3,6.3,13.4,2.9,5.8,3.4,7.6,1.4,1.7,1.5,5.4,6.9,1.1,0.9,0.2,1,1.7,17.4,,,,,,,239,2016,2,56,"Hamilton, Daniel",SG/SF,Connecticut,Daniel Hamilton,Daniel Hamilton,Daniel Hamilton,SO,2015-16,G,Connecticut,AAC,36,31.9,4.4,11.4,3.1,7.5,1.3,3.9,2.4,2.8,0.9,8,8.9,4.7,1.1,0.4,2.4,1.8,12.5,,,,,,,69,2012,2,55,"Johnson-Odom, Darius",SG,Marquette,Darius Johnson-Odom,Darius Johnson-Odom,Darius Johnson-Odom,SR,2011-12,G,Marquette,Big East,34,32.9,6.2,13.8,3.9,7.9,2.3,5.9,3.7,4.9,0.6,2.9,3.5,2.7,0.9,0.1,2.4,2,18.3,,,,,,,66,2012,2,46,"Miller, Darius",SF,Kentucky,Darius Miller,Darius Miller,Darius Miller,JR,2010-11,G,Kentucky,SEC,38,31,3.9,8.2,2.4,4.8,1.5,3.4,1.5,1.8,1.3,3.2,4.6,1.7,0.8,1.1,1.5,2.6,10.9,,,,,,,27,2011,2,41,"Morris, Darius",PG,Michigan,Darius Morris,Darius Morris,Darius Morris,SO,2010-11,G,Michigan,Big Ten,35,34.8,5.7,11.7,5.3,9.9,0.5,1.8,3.1,4.3,0.9,3.1,4,6.7,1,0,2.9,2.1,15,,,,,,,306,2017,2,32,"Reed, Davon",SG,Miami (FL),Davon Reed,Davon Reed,Davon Reed,SR,2016-17,G,Miami (FL),ACC,33,35.3,4.9,11.3,2.5,5.2,2.4,6,2.7,3.3,0.8,3.9,4.8,2.4,1.3,0.5,2,1.6,14.9,,,,,,,267,2016,1,21,"Bembry, DeAndre'",SF,Saint Joseph's,DeAndre' Bembry,DeAndre Bembry,DeAndre Bembry,JR,2015-16,F,Saint Joseph's,A-10,36,37.3,6.6,13.8,5.7,10.3,0.9,3.6,3.3,4.9,1.4,6.3,7.8,4.5,1.4,0.8,2,2.4,17.4,,,,,,,150,2014,2,37,"Daniels, DeAndre",SF,Connecticut,DeAndre Daniels,DeAndre Daniels,DeAndre Daniels,JR,2013-14,F,Connecticut,AAC,38,29,4.9,10.6,3.6,7.4,1.3,3.2,1.8,2.3,1.4,4.6,6,0.4,0.7,1.4,1.5,2.4,13.1,,,,,,,24,2011,2,53,"Liggins, DeAndre",SG,Kentucky,DeAndre Liggins,DeAndre Liggins,DeAndre Liggins,JR,2010-11,G,Kentucky,SEC,38,31.6,2.9,6.9,2,4.5,0.9,2.4,1.8,2.8,0.6,3.4,4,2.5,1.2,0.7,1.4,2.5,8.6,,,,,,,278,2016,1,29,"Murray, Dejounte",PG/SG,Washington,Dejounte Murray,Dejounte Murray,Dejounte Murray,FR,2015-16,G,Washington,Pac-12,34,33.5,5.9,14.3,4.9,10.8,1,3.5,3.2,4.9,1.4,4.6,6,4.4,1.8,0.3,3.2,2.6,16.1,,,,,,,229,2015,1,20,"Wright, Delon",PG,Utah,Delon Wright,Delon Wright,Delon Wright,SR,2014-15,G,Utah,Pac-12,35,33.3,4.7,9.3,4,7.2,0.7,2.1,4.4,5.2,1,4,4.9,5.1,2.1,1,1.9,1.4,14.5,,,,,,,260,2016,2,45,"Jackson, Demetrius",PG,Notre Dame,Demetrius Jackson,Demetrius Jackson,Demetrius Jackson,JR,2015-16,G,Notre Dame,ACC,35,36,5.5,12.2,4,7.6,1.5,4.7,3.2,4,0.9,2.6,3.5,4.7,1.2,0.3,2.2,1.9,15.8,,,,,,,308,2017,1,9,"Smith Jr., Dennis",PG,NC State,Dennis Smith Jr.,Dennis Smith Jr.,Dennis Smith Jr.,FR,2016-17,G,NC State,ACC,32,34.8,6,13.1,4.3,8.3,1.7,4.8,4.5,6.3,0.8,3.8,4.6,6.2,1.9,0.4,3.4,2.1,18.1,,,,,,,255,2016,1,14,"Valentine, Denzel",SG/SF,Michigan State,Denzel Valentine,Denzel Valentine,Denzel Valentine,JR,2014-15,G,Michigan State,Big Ten,39,33.2,5.1,11.4,2.4,5.1,2.6,6.3,1.8,2.2,1.2,5.1,6.3,4.3,0.9,0.2,2.4,2.2,14.5,,,,,,,285,2017,1,29,"White, Derrick",PG/SG,Colorado,Derrick White,Derrick White,Derrick White,SR,2016-17,G,Colorado,Pac-12,34,32.8,6,11.9,4.4,7.6,1.7,4.2,4.4,5.4,1,3.1,4.1,4.4,1.2,1.4,2.4,2.1,18.1,,,,,,,0,2011,1,2,"Williams, Derrick",SF/PF,Arizona,Derrick Williams,Derrick Williams,Derrick Williams,SO,2010-11,F,Arizona,Pac-10,38,30,5.9,10,4.8,8.1,1.1,1.9,6.5,8.7,2.8,5.5,8.3,1.1,1,0.7,2.6,2.8,19.5,,,,,,,133,2013,2,58,"Thomas, Deshaun",SF,Ohio State,Deshaun Thomas,Deshaun Thomas,Deshaun Thomas,JR,2012-13,F,Ohio State,Big Ten,37,35.4,7,15.8,5.1,10.1,1.9,5.6,3.8,4.6,1.7,4.2,5.9,1.3,0.5,0.3,1.4,1.5,19.8,,,,,,,314,2017,2,45,"Brooks, Dillon",SF,Oregon,Dillon Brooks,Dillon Brooks,Dillon Brooks,SO,2015-16,F,Oregon,Pac-12,38,32.8,6.1,12.9,4.8,9.2,1.3,3.7,3.3,4.1,2,3.4,5.4,3.1,1.1,0.4,2.3,2.9,16.7,,,,,,,242,2016,1,11,"Sabonis, Domantas",PF/C,Gonzaga,Domantas Sabonis,Domantas Sabonis,Domantas Sabonis,SO,2015-16,F,Gonzaga,WCC,36,31.9,6.6,10.9,6.5,10.5,0.1,0.4,4.2,5.4,3.1,8.8,11.8,1.8,0.6,0.9,2.6,3.2,17.6,,,,,,,305,2017,1,13,"Mitchell, Donovan",SG,Louisville,Donovan Mitchell,Donovan Mitchell,Donovan Mitchell,SO,2016-17,G,Louisville,ACC,34,32.3,5.3,13.1,3,6.4,2.4,6.6,2.6,3.2,1.1,3.8,4.9,2.7,2.1,0.5,1.6,2.6,15.6,,,,,,,65,2012,2,42,"Lamb, Doron",SG,Kentucky,Doron Lamb,Doron Lamb,Doron Lamb,SO,2011-12,G,Kentucky,SEC,40,31.2,4.4,9.2,2.5,5.2,1.9,4.1,3.1,3.7,0.4,2.3,2.7,1.5,0.5,0.1,1.1,1.8,13.7,,,,,,,151,2014,1,11,"McDermott, Doug",SF,Creighton,Doug McDermott,Doug McDermott,Doug McDermott,SR,2013-14,F,Creighton,Big East,35,33.7,9.4,17.9,6.7,11.8,2.7,6.1,5.1,5.9,1.6,5.3,7,1.6,0.2,0.1,1.8,1.9,26.7,,,,,,,71,2012,2,35,"Green, Draymond",PF,Michigan State,Draymond Green,Draymond Green,Draymond Green,SR,2011-12,F,Michigan State,Big Ten,37,33.2,5.7,12.8,4.3,9.1,1.4,3.6,3.4,4.7,2.1,8.5,10.6,3.8,1.5,0.9,3,2.8,16.2,,,,,,,177,2014,2,45,"Powell, Dwight",PF,Stanford,Dwight Powell,Dwight Powell,Dwight Powell,SR,2013-14,F,Stanford,Pac-12,36,32.4,4.9,10.5,4.6,9.4,0.3,1.1,4,5.9,1.9,4.9,6.9,3.1,1.3,0.8,2.9,3.1,14,,,,,,,162,2014,1,10,"Payton, Elfrid",PG,Louisiana Lafayette,Elfrid Payton,Elfrid Payton,Elfrid Payton,JR,2013-14,G,Louisiana,Sun Belt,35,35.9,6.8,13.3,6.4,11.8,0.4,1.5,5.3,8.6,2.3,3.7,6,5.9,2.3,0.6,3.6,2.4,19.2,,,,,,,143,2013,2,46,"Green, Erick",PG,Virginia Tech,Erick Green,Erick Green,Erick Green,SR,2012-13,G,Virginia Tech,ACC,32,36.4,8.2,17.2,6.3,12.3,1.9,4.9,6.8,8.3,0.5,3.5,4,3.8,1.3,0.2,2.2,1.4,25,,,,,,,233,2015,1,9,"Kaminsky, Frank",C,Wisconsin,Frank Kaminsky,Frank Kaminsky,Frank Kaminsky,SR,2014-15,C,Wisconsin,Big Ten,39,33.6,6.8,12.5,5.8,9.9,1.1,2.6,4,5.1,1.5,6.7,8.2,2.6,0.8,1.5,1.6,1.7,18.8,,,,,,,168,2014,1,19,"Harris, Gary",SG,Michigan State,Gary Harris,Gary Harris,Gary Harris,SO,2013-14,G,Michigan State,Big Ten,35,32.3,5.6,13,3.3,6.4,2.3,6.6,3.3,4.1,1.1,2.9,4,2.7,1.8,0.4,1.7,2.1,16.7,,,,,,,243,2016,2,50,"Niang, Georges",PF,Iowa State,Georges Niang,Georges Niang,Georges Niang,SR,2015-16,F,Iowa State,Big 12,35,33.2,8.1,14.8,6.5,10.7,1.6,4.1,2.7,3.4,1.3,4.9,6.2,3.3,0.9,0.6,2.6,3.2,20.5,,,,,,,121,2013,1,21,"Dieng, Gorgui",C,Louisville,Gorgui Dieng,Gorgui Dieng,Gorgui Dieng,SO,2011-12,C,Louisville,Big East,40,32.8,3.6,6.9,3.6,6.9,0,0.1,1.8,2.7,3.5,5.6,9.1,1.1,1.2,3.2,2,3.3,9.1,,,,,,,76,2012,1,7,"Barnes, Harrison",SF,North Carolina,Harrison Barnes,Harrison Barnes,Harrison Barnes,SO,2011-12,F,North Carolina,ACC,38,29.2,6,13.7,4.7,10.1,1.3,3.6,3.7,5.1,1.9,3.3,5.2,1.1,1.1,0.3,1.9,1.8,17.1,,,,,,,251,2016,1,18,"Ellenson, Henry",PF,Marquette,Henry Ellenson,Henry Ellenson,Henry Ellenson,FR,2015-16,F,Marquette,Big East,33,33.5,5.9,13.2,5,10,0.9,3.2,4.3,5.8,2.2,7.6,9.7,1.8,0.8,1.5,2.4,2.5,17,,,,,,,128,2013,2,34,"Canaan, Isaiah",PG,Murray State,Isaiah Canaan,Isaiah Canaan,Isaiah Canaan,SR,2012-13,G,Murray State,OVC,31,36.5,6.9,16.1,3.9,7.9,3,8.2,4.9,6,0.6,2.9,3.5,4.3,1.5,0.1,3.2,1.9,21.8,,,,,,,263,2016,2,59,"Cousins, Isaiah",PG/SG,Oklahoma,Isaiah Cousins,Isaiah Cousins,Isaiah Cousins,SR,2015-16,G,Oklahoma,Big 12,37,33.3,4.6,11.2,2.8,7,1.8,4.3,1.8,2.6,0.6,3.8,4.5,4.5,1.4,0.3,2.4,1.7,12.6,,,,,,,44,2011,2,60,"Thomas, Isaiah",PG,Washington,Isaiah Thomas,Isaiah Thomas,Isaiah Thomas,JR,2010-11,G,Washington,Pac-10,35,31.9,5.4,12.1,3.7,7.1,1.7,4.9,4.3,6,0.7,2.8,3.5,6.1,1.3,0.1,3,2.1,16.8,,,,,,,268,2016,2,42,"Whitehead, Isaiah",PG/SG,Seton Hall,Isaiah Whitehead,Isaiah Whitehead,Isaiah Whitehead,SO,2015-16,G,Seton Hall,Big East,34,32.3,5.7,15.1,3.3,8.5,2.4,6.5,4.4,5.8,0.5,3.1,3.6,5.1,1.2,1.4,3.5,2.3,18.2,,,,,,,215,2015,2,58,"Tokoto, J. P.",SG/SF,North Carolina,J. P. Tokoto,J.P. Tokoto,J.P. Tokoto,JR,2014-15,F,North Carolina,ACC,38,29.1,3.1,7.1,2.7,6.3,0.3,0.8,1.9,3.1,1.6,4,5.6,4.3,1.5,0.3,2.2,2.4,8.3,,,,,,,152,2014,1,2,"Parker, Jabari",SF/PF,Duke,Jabari Parker,Jabari Parker,Jabari Parker,FR,2013-14,F,Duke,ACC,35,30.7,6.7,14.3,5.7,11.2,1.1,3,4.6,6.1,3,5.7,8.7,1.2,1.1,1.2,2.3,2.4,19.1,,,,,,,68,2012,2,34,"Crowder, Jae",SF,Marquette,Jae Crowder,Jae Crowder,Jae Crowder,SR,2011-12,F,Marquette,Big East,35,32.9,6.2,12.5,4.5,7.4,1.7,5.1,3.4,4.6,2,6.4,8.4,2.1,2.5,1,1.3,2.7,17.5,,,,,,,195,2015,1,3,"Okafor, Jahlil",C,Duke,Jahlil Okafor,Jahlil Okafor,Jahlil Okafor,FR,2014-15,C,Duke,ACC,38,30.1,7.3,11.1,7.3,11.1,0,0,2.6,5.1,3.5,4.9,8.5,1.3,0.8,1.4,2.5,2.1,17.3,,,,,,,32,2011,1,27,"Johnson, JaJuan",PF,Purdue,JaJuan Johnson,JaJuan Johnson,JaJuan Johnson,SR,2010-11,F,Purdue,Big Ten,34,35.4,7.6,15.3,7.1,13.8,0.4,1.5,5,6.1,2.4,6.1,8.6,1,0.9,2.3,1.6,1.6,20.5,,,,,,,253,2016,2,47,"Layman, Jake",SF,Maryland,Jake Layman,Jake Layman,Jake Layman,SR,2015-16,F,Maryland,Big Ten,36,30.9,3.9,7.8,2.3,3.8,1.6,4,2.2,2.6,1.1,4.2,5.3,1.1,1.1,1,1.7,1.9,11.6,,,,,,,273,2016,1,9,"Poeltl, Jakob",C,Utah,Jakob Poeltl,Jakob Poeltl,Jakob Poeltl,SO,2015-16,F,Utah,Pac-12,36,30.4,6.3,9.8,6.3,9.8,0,0,4.6,6.6,2.8,6.3,9.1,1.9,0.6,1.6,2.1,2.3,17.2,,,,,,,246,2016,1,7,"Murray, Jamal",SG/PG,Kentucky,Jamal Murray,Jamal Murray,Jamal Murray,FR,2015-16,G,Kentucky,SEC,36,35.2,6.8,14.9,3.6,7.3,3.1,7.7,3.3,4.2,1.5,3.7,5.2,2.2,1,0.3,2.3,2.1,20,,,,,,,120,2013,2,50,"Ennis, James",SF,Long Beach State,James Ennis,James Ennis,James Ennis,SR,2012-13,G,Long Beach State,Big West,33,33.1,5.5,11.2,3.8,6.6,1.7,4.7,3.8,4.6,2,4.7,6.7,2.1,1.8,1.3,3,2.3,16.5,,,,,,,160,2014,1,17,"Young, James",SG/SF,Kentucky,James Young,James Young,James Young,FR,2013-14,G,Kentucky,SEC,40,32.4,4.6,11.3,2.5,5.4,2.1,5.9,3.1,4.4,1,3.3,4.3,1.7,0.8,0.2,1.9,2.1,14.3,,,,,,,81,2012,1,24,"Cunningham, Jared",SG,Oregon St.,Jared Cunningham,Jared Cunningham,Jared Cunningham,JR,2011-12,G,Oregon State,Pac-12,36,34.6,5.5,12.2,4.1,8.1,1.4,4.1,5.5,7.5,1,2.8,3.8,2.8,2.5,0.4,2.8,2.4,17.9,,,,,,,80,2012,1,21,"Sullinger, Jared",PF,Ohio State,Jared Sullinger,Jared Sullinger,Jared Sullinger,SO,2011-12,F,Ohio State,Big Ten,37,30.4,6.2,11.9,5.7,10.8,0.4,1.1,4.7,6.2,3.1,6.1,9.2,1.2,1.2,1.1,1.9,2.9,17.5,,,,,,,210,2015,1,25,"Martin, Jarell",PF,LSU,Jarell Martin,Jarell Martin,Jarell Martin,SO,2014-15,F,Louisiana,SEC,33,35.1,6.1,12,5.7,10.5,0.4,1.6,4.2,6.2,3,6.3,9.2,1.8,1.2,0.7,2.8,2.8,16.9,,,,,,,180,2014,2,35,"Stokes, Jarnell",PF,Tennessee,Jarnell Stokes,Jarnell Stokes,Jarnell Stokes,JR,2013-14,F,Tennessee,SEC,37,32.4,5.4,10.1,5.4,10.1,0,0,4.3,6.2,4.2,6.4,10.6,2,0.7,0.9,2.1,2,15.1,,,,,,,284,2017,2,59,"Blossomgame, Jaron",SF,Clemson,Jaron Blossomgame,Jaron Blossomgame,Jaron Blossomgame,SR,2016-17,F,Clemson,ACC,33,34.3,6.7,13.4,5.9,10.5,0.7,2.8,3.6,5.1,1.8,4.5,6.3,1.5,0.8,0.9,1.7,1.6,17.7,,,,,,,237,2016,1,3,"Brown, Jaylen",SF/SG,California,Jaylen Brown,Jaylon Brown,Jaylon Brown,SR,2016-17,G,Evansville,MVC,33,36.8,6.7,14.4,5.5,11.7,1.2,2.7,6.4,7.5,0.5,3.9,4.4,3.1,1,0.1,2.5,2.4,20.9,,,,,,,116,2013,2,39,"Withey, Jeff",C,Kansas,Jeff Withey,Jeff Withey,Jeff Withey,SR,2012-13,C,Kansas,Big 12,37,30.9,5,8.6,5,8.6,0,0,3.7,5.2,2.1,6.4,8.5,0.9,0.8,3.9,2,2.1,13.7,,,,,,,93,2012,2,31,"Taylor, Jeffery",SF,Vanderbilt,Jeffery Taylor,Jeffery Taylor,Jeffery Taylor,SR,2011-12,F,Vanderbilt,SEC,36,32.1,5.8,11.8,4,7.5,1.8,4.3,2.6,4.4,2.1,3.4,5.6,1.7,1.3,0.4,2.2,1.9,16.1,,,,,,,51,2012,1,12,"Lamb, Jeremy",SG,Connecticut,Jeremy Lamb,Jeremy Lamb,Jeremy Lamb,SO,2011-12,G,Connecticut,Big East,34,37.2,6.4,13.4,4.3,7.1,2.1,6.2,2.9,3.6,0.9,3.9,4.9,1.7,1.2,0.6,2,1.7,17.7,,,,,,,216,2015,1,19,"Grant, Jerian",PG,Notre Dame,Jerian Grant,Jerian Grant,Jerian Grant,SR,2014-15,G,Notre Dame,ACC,38,37.1,5.4,11.2,4.1,7.1,1.3,4.2,4.5,5.7,0.3,2.7,3,6.7,1.7,0.5,2.2,2,16.5,,,,,,,3,2011,1,10,"Fredette, Jimmer",PG/SG,BYU,Jimmer Fredette,Jimmer Fredette,Jimmer Fredette,SR,2010-11,G,Brigham Young,MWC,37,35.8,9.4,20.7,6,12.2,3.4,8.5,6.8,7.6,0.6,2.8,3.4,4.3,1.3,0,3.5,1.3,28.9,,,,,,,25,2011,1,30,"Butler, Jimmy",SG,Marquette,Jimmy Butler,Jimmy Butler,Jimmy Butler,SR,2010-11,G,Marquette,Big East,37,34.6,5.1,10.3,4.5,8.8,0.5,1.6,5.1,6.5,2.4,3.6,6.1,2.3,1.4,0.4,1.5,1.3,15.7,,,,,,,186,2014,2,33,"Harris, Joe",SG,Virginia,Joe Harris,Joe Harris,Joe Harris,JR,2012-13,G,Virginia,ACC,35,32.5,5.5,11.7,3.3,6.5,2.2,5.2,3.2,4.3,0.9,3.2,4,2.2,0.9,0.5,2,2.3,16.3,,,,,,,91,2012,1,23,"Jenkins, John",SG,Vanderbilt,John Jenkins,John Jenkins,John Jenkins,JR,2011-12,G,Vanderbilt,SEC,35,33.6,6.2,13.1,2.4,4.4,3.8,8.7,3.7,4.4,0.5,2.4,2.9,1.2,0.8,0.3,1.6,1.2,19.9,,,,,,,30,2011,2,51,"Diebler, Jon",SG,Ohio State,Jon Diebler,Jon Diebler,Jon Diebler,SR,2010-11,G,Ohio State,Big Ten,37,35.7,3.9,7.7,0.8,1.6,3.1,6.1,1.7,2.1,0.4,2.3,2.6,2.4,1,0.1,0.9,1,12.6,,,,,,,46,2011,2,40,"Leuer, Jon",PF,Wisconsin,Jon Leuer,Jon Leuer,Jon Leuer,SR,2010-11,F,Wisconsin,Big Ten,34,33.5,6.7,14.2,5.1,9.9,1.6,4.3,3.3,3.9,1.7,5.6,7.2,1.6,0.5,0.9,1.6,2.2,18.3,,,,,,,183,2014,1,22,"Adams, Jordan",SG,UCLA,Jordan Adams,Jordan Adams,Jordan Adams,SO,2013-14,G,UCLA,Pac-12,36,30.1,5.8,11.9,4.3,7.9,1.4,4.1,4.4,5.3,1.9,3.5,5.3,2.3,2.6,0.1,1.5,2.2,17.4,,,,,,,312,2017,2,38,"Bell, Jordan",PF,Oregon,Jordan Bell,Jordan Bell,Jordan Bell,JR,2016-17,F,Oregon,Pac-12,39,28.8,4.4,6.9,4.3,6.5,0.1,0.4,2.1,3,2.9,5.9,8.8,1.8,1.3,2.3,1.9,1.7,10.9,,,,,,,169,2014,2,46,"Clarkson, Jordan",PG,Missouri,Jordan Clarkson,Jordan Clarkson,Jordan Clarkson,JR,2013-14,G,Missouri,SEC,35,35.1,6,13.3,5.1,10.1,0.9,3.3,4.6,5.6,0.8,3,3.8,3.4,1.1,0.2,2.7,2.2,17.5,,,,,,,39,2011,1,26,"Hamilton, Jordan",SG,Texas,Jordan Hamilton,Jordan Hamilton,Jordan Hamilton,SO,2010-11,G,Texas,Big 12,36,32.2,6.8,15.3,4.3,8.8,2.5,6.5,2.6,3.4,2,5.7,7.7,2.1,0.9,0.6,2.1,1.8,18.6,,,,,,,181,2014,2,58,"McRae, Jordan",SG,Tennessee,Jordan McRae,Jordan McRae,Jordan McRae,SR,2013-14,G,Tennessee,SEC,37,32.2,6,13.8,3.9,7.8,2.1,6.1,4.5,5.7,0.7,2.8,3.5,2.5,0.7,1,2.1,2.1,18.7,,,,,,,211,2015,2,33,"Mickey, Jordan",PF,LSU,Jordan Mickey,Jordan Mickey,Jordan Mickey,SO,2014-15,F,Louisiana,SEC,31,34.9,6.2,12.2,6.1,11.9,0,0.3,3.1,4.7,3.2,6.7,9.9,1.3,0.9,3.6,3.3,2.6,15.4,,,,,,,26,2011,2,36,"Williams, Jordan",PF,Maryland,Jordan Williams,Jordan Williams,Jordan Williams,SO,2010-11,F,Maryland,ACC,33,32.5,6.5,12,6.5,12,0,0,4,6.9,3.7,8.1,11.8,0.6,0.7,1.4,1.6,2.4,16.9,,,,,,,219,2015,2,43,"Young, Joseph",PG,Oregon,Joseph Young,Joseph Young,Joseph Young,SR,2014-15,G,Oregon,Pac-12,36,36.7,7.4,16.4,4.8,9.4,2.5,7.1,3.4,3.7,0.5,3.9,4.4,3.8,1.1,0,2.4,1.4,20.7,,,,,,,23,2011,2,45,"Harrellson, Josh",C,Kentucky,Josh Harrellson,Josh Harrellson,Josh Harrellson,SR,2010-11,F,Kentucky,SEC,38,28.5,3.3,5.5,3.3,5.2,0.1,0.3,0.9,1.5,3.7,5,8.7,0.8,0.9,1.5,0.7,2.4,7.6,,,,,,,325,2017,1,30,"Hart, Josh",SG,Villanova,Josh Hart,Josh Hart,Josh Hart,SR,2016-17,G,Villanova,Big East,36,33.1,6.6,12.9,4.5,7.8,2.1,5.1,3.5,4.7,1.4,5,6.4,2.9,1.6,0.3,2,2.3,18.7,,,,,,,176,2014,1,29,"Huestis, Josh",SF/PF,Stanford,Josh Huestis,Josh Huestis,Josh Huestis,SR,2013-14,F,Stanford,Pac-12,36,35.2,4.3,9.6,3.6,7.5,0.7,2.1,1.8,2.8,2.5,5.7,8.2,1.2,0.6,1.9,1.2,2.1,11.2,,,,,,,299,2017,1,4,"Jackson, Josh",SF,Kansas,Josh Jackson,Josh Jackson,Josh Jackson,FR,2016-17,G,Kansas,Big 12,35,30.8,6.3,12.3,5.3,9.7,1,2.6,2.8,4.9,2.3,5.1,7.4,3,1.7,1.1,2.8,3,16.3,,,,,,,224,2015,2,40,"Richardson, Josh",SG,Tennessee,Josh Richardson,Josh Richardson,Josh Richardson,SR,2014-15,G,Tennessee,SEC,32,36.3,5.8,12.5,4.3,8.5,1.4,4,3.1,3.9,0.9,3.6,4.5,3.6,2.1,0.5,2.7,2.5,16,,,,,,,159,2014,1,7,"Randle, Julius",PF,Kentucky,Julius Randle,Julius Randle,Julius Randle,FR,2013-14,F,Kentucky,SEC,40,30.8,4.9,9.8,4.8,9.3,0.1,0.5,5.1,7.2,3.5,6.9,10.4,1.4,0.5,0.8,2.5,2.3,15,,,,,,,34,2011,2,32,"Harper, Justin",PF,Richmond,Justin Harper,Justin Harper,Justin Harper,SR,2010-11,F,Richmond,A-10,37,31.8,6.6,12.4,4.5,7.8,2.1,4.6,2.5,3.2,1.7,5.2,6.9,1.2,0.6,1.2,1.5,2.2,17.9,,,,,,,309,2017,1,15,"Jackson, Justin",SF,North Carolina,Justin Jackson,Justin Jackson,Justin Jackson,JR,2016-17,F,North Carolina,ACC,40,32,6.6,14.9,4,7.8,2.6,7.1,2.5,3.3,1.5,3.2,4.7,2.8,0.8,0.2,1.7,1.4,18.3,,,,,,,196,2015,1,10,"Winslow, Justise",SF,Duke,Justise Winslow,Justise Winslow,Justise Winslow,FR,2014-15,F,Duke,ACC,39,29.1,4.4,9.1,3.3,6.3,1.2,2.8,2.6,4,1.3,5.2,6.5,2.1,1.3,0.9,1.8,2.8,12.6,,,,,,,147,2014,2,32,"McDaniels, K. J.",SF,Clemson,K. J. McDaniels,K.J. McDaniels,K.J. McDaniels,JR,2013-14,F,Clemson,ACC,36,33.7,5.8,12.6,4.6,8.8,1.2,3.8,4.3,5.1,2.4,4.7,7.1,1.6,1.1,2.8,2.3,2.2,17.1,,,,,,,35,2011,1,15,"Leonard, Kawhi",SF,San Diego State,Kawhi Leonard,Kawhi Leonard,Kawhi Leonard,SO,2010-11,F,San Diego State,MWC,36,32.6,5.9,13.2,5.2,10.8,0.7,2.4,3.1,4,3.1,7.5,10.6,2.5,1.4,0.6,2.1,2.5,15.5,,,,,,,261,2016,2,54,"Felder, Kay",PG,Oakland,Kay Felder,Kay Felder,Kay Felder,JR,2015-16,G,Oakland,Horizon,35,36.7,7.7,17.5,5.5,11.4,2.2,6.1,6.8,8.1,0.7,3.5,4.3,9.3,2,0.2,3.4,3,24.4,,,,,,,29,2011,2,48,"Benson, Keith",C,Oakland,Keith Benson,Keith Benson,Keith Benson,SR,2010-11,C,Oakland,Summit,35,32.4,6.6,12.1,6.3,11.4,0.3,0.7,4.5,7,2.7,7.5,10.1,1.1,0.8,3.6,1.9,3.1,17.9,,,,,,,7,2011,1,9,"Walker, Kemba",PG,Connecticut,Kemba Walker,Kemba Walker,Kemba Walker,JR,2010-11,G,Connecticut,Big East,41,37.6,7.7,18,5.9,12.5,1.8,5.5,6.3,7.7,1.3,4.1,5.4,4.5,1.9,0.2,2.3,1.4,23.5,,,,,,,77,2012,1,13,"Marshall, Kendall",PG,North Carolina,Kendall Marshall,Kendall Marshall,Kendall Marshall,SO,2011-12,G,North Carolina,ACC,36,33,2.9,6.3,2.1,4.1,0.8,2.2,1.5,2.2,0.2,2.4,2.6,9.8,1.2,0.2,2.8,1.6,8.1,,,,,,,28,2011,1,22,"Faried, Kenneth",PF,Morehead State,Kenneth Faried,Kenneth Faried,Kenneth Faried,SR,2010-11,F,Morehead State,OVC,35,34.7,6.7,10.7,6.7,10.7,0,0,4,6.9,5.7,8.8,14.5,1.1,1.9,2.3,2.6,3.1,17.3,,,,,,,111,2013,1,8,"Caldwell-Pope, Kentavious",SG,Georgia,Kentavious Caldwell-Pope,Kentavious Caldwell-Pope,Kentavious Caldwell-Pope,SO,2012-13,G,Georgia,SEC,32,33.9,5.8,13.4,3.2,6.4,2.6,7,4.2,5.3,1.2,5.9,7.1,1.8,2,0.5,2,2.2,18.5,,,,,,,88,2012,2,47,"Murphy, Kevin",SG,Tennessee Tech,Kevin Murphy,Kevin Murphy,Kevin Murphy,SR,2011-12,G,Tennessee Tech,OVC,33,34.5,7.2,16.3,4.8,10.5,2.4,5.8,3.8,5.2,0.9,4.3,5.2,2.3,0.8,0.2,3.3,2.2,20.6,,,,,,,226,2015,1,30,"Looney, Kevon",PF,UCLA,Kevon Looney,Kevon Looney,Kevon Looney,FR,2014-15,F,UCLA,Pac-12,36,30.9,4.2,8.9,3.6,7.4,0.6,1.5,2.6,4.1,3.4,5.8,9.2,1.4,1.3,0.9,1.3,2.9,11.6,,,,,,,73,2012,2,44,"English, Kim",SG,Missouri,Kim English,Kim English,Kim English,SR,2011-12,G,Missouri,Big 12,35,33.6,4.9,9.4,2.7,4.5,2.2,4.9,2.5,3.4,0.9,3.4,4.2,1.6,1.3,0.3,1.7,2.4,14.5,,,,,,,45,2011,1,11,"Thompson, Klay",SG,Washington State,Klay Thompson,Klay Thompson,Klay Thompson,JR,2010-11,G,Washington State,Pac-10,34,34.7,7.1,16.2,4.2,9,2.9,7.2,4.6,5.4,0.7,4.5,5.2,3.7,1.6,0.9,3.4,2.9,21.6,,,,,,,264,2016,1,5,"Dunn, Kris",PG,Providence,Kris Dunn,Kris Dunn,Kris Dunn,JR,2015-16,G,Providence,Big East,33,33,5.6,12.5,4.3,9,1.3,3.4,4,5.8,1.1,4.2,5.3,6.2,2.5,0.6,3.5,2.8,16.4,,,,,,,87,2012,2,51,"Joseph, Kris",SF,Syracuse,Kris Joseph,Kris Joseph,Kris Joseph,SR,2011-12,F,Syracuse,Big East,37,32.2,4.4,10.5,3.1,6.5,1.4,4,3.2,4.2,1.5,3.2,4.7,1.5,1.4,0.6,1.5,1.7,13.4,,,,,,,184,2014,1,30,"Anderson, Kyle",SF,UCLA,Kyle Anderson,Kyle Anderson,Kyle Anderson,SO,2013-14,G,UCLA,Pac-12,36,33.2,5,10.5,4.3,8.9,0.8,1.6,3.8,5.2,1.3,7.5,8.8,6.5,1.8,0.8,3.1,1.7,14.6,,,,,,,185,2014,1,30,"Anderson, Kyle",SF,UCLA,Kyle Anderson,Kyle Anderson,Kyle Anderson,JR,2013-14,G,Delaware,CAA,35,34.7,3.6,9.1,1.1,2.6,2.4,6.5,1.4,1.8,0.9,2.8,3.7,0.9,0.8,0.3,0.8,2.6,11,,,,,,,75,2012,2,49,"O'Quinn, Kyle",PF,Norfolk St.,Kyle O'Quinn,Kyle O'Quinn,Kyle O'Quinn,SR,2011-12,C,Norfolk State,MEAC,36,31.3,5.7,9.9,5.5,9.1,0.2,0.9,4.3,6.2,3.2,7.2,10.3,1.4,0.7,2.7,2.6,3.3,15.9,,,,,,,10,2011,2,33,"Singler, Kyle",SF,Duke,Kyle Singler,Kyle Singler,Kyle Singler,SR,2010-11,F,Duke,ACC,37,34.8,5.9,13.8,4.2,8.5,1.7,5.2,3.4,4.2,2.4,4.5,6.8,1.6,0.9,0.3,1.9,2.6,16.9,,,,,,,174,2014,2,48,"Patterson, Lamar",SG/SF,Pittsburgh,Lamar Patterson,Lamar Patterson,Lamar Patterson,SR,2013-14,G,Pittsburgh,ACC,36,32.6,5.6,12.7,3.4,7,2.2,5.7,3.7,4.9,1,3.9,4.9,4.3,1.4,0.3,2.6,2,17.1,,,,,,,280,2017,1,7,"Markkanen, Lauri",PF,Arizona,Lauri Markkanen,Lauri Markkanen,Lauri Markkanen,FR,2016-17,F,Arizona,Pac-12,37,30.8,5,10.2,3.1,5.8,1.9,4.4,3.7,4.4,2.4,4.8,7.2,0.9,0.4,0.5,1.1,2,15.6,,,,,,,36,2011,2,50,"Allen, Lavoy",PF,Temple,Lavoy Allen,Lavoy Allen,Lavoy Allen,SR,2010-11,F,Temple,A-10,33,33.9,4.7,9.7,4.5,9.2,0.2,0.5,2.1,3,2.7,5.9,8.6,2.3,0.7,1.8,1.6,2.3,11.6,,,,,,,321,2017,1,2,"Ball, Lonzo",PG,UCLA,Lonzo Ball,Lonzo Ball,Lonzo Ball,FR,2016-17,G,UCLA,Pac-12,36,35.1,5.3,9.5,3,4.1,2.2,5.4,1.8,2.7,0.9,5.1,6,7.6,1.8,0.8,2.5,1.8,14.6,,,,,,,129,2013,2,52,"Brown, Lorenzo",PG,NC State,Lorenzo Brown,Lorenzo Brown,Lorenzo Brown,JR,2012-13,G,NC State,ACC,33,34.2,4.2,10.1,3.6,7.8,0.6,2.3,3.3,4.2,0.7,3.7,4.3,7.2,2,0.6,3.5,2,12.4,,,,,,,288,2017,1,12,"Kennard, Luke",SG,Duke,Luke Kennard,Luke Kennard,Luke Kennard,SO,2016-17,G,Duke,ACC,37,35.5,6.4,13.1,4,7.7,2.4,5.4,4.3,5.1,1.2,3.9,5.1,2.5,0.8,0.4,1.6,2.2,19.5,,,,,,,269,2016,1,22,"Richardson, Malachi",SG,Syracuse,Malachi Richardson,Malachi Richardson,Malachi Richardson,FR,2015-16,G,Syracuse,ACC,37,34.4,4.1,11.1,2,5.1,2.1,6.1,3.1,4.2,0.5,3.8,4.3,2.1,1.1,0.3,2.1,2.5,13.4,,,,,,,276,2016,2,36,"Brogdon, Malcolm",PG/SG,Virginia,Malcolm Brogdon,Malcolm Brogdon,Malcolm Brogdon,SR,2015-16,G,Virginia,ACC,37,34.1,6.2,13.6,4.2,8.4,2,5.2,3.8,4.2,0.5,3.5,4.1,3.1,0.9,0.2,1.4,2.1,18.2,,,,,,,42,2011,2,43,"Lee, Malcolm",SG,UCLA,Malcolm Lee,Malcolm Lee,Malcolm Lee,JR,2010-11,G,UCLA,Pac-10,33,33.1,4.3,9.8,3.1,5.8,1.2,4,3.4,4.4,0.7,2.4,3.1,2,0.7,0.2,1.7,2.4,13.1,,,,,,,303,2017,1,11,"Monk, Malik",SG,Kentucky,Malik Monk,Malik Monk,Malik Monk,FR,2016-17,G,Kentucky,SEC,38,32.1,6.6,14.7,3.9,7.8,2.7,6.9,3.9,4.7,0.3,2.2,2.5,2.3,0.9,0.5,2,1.9,19.8,,,,,,,74,2012,2,59,"Denmon, Marcus",PG,Missouri,Marcus Denmon,Marcus Denmon,Marcus Denmon,SR,2011-12,G,Missouri,Big 12,35,34.6,5.7,12.4,2.9,5.5,2.8,6.9,3.4,3.8,1,4,5,2.1,1.5,0,1.2,1,17.7,,,,,,,19,2011,1,14,"Morris, Marcus",PF/SF,Kansas,Marcus Morris,Marcus Morris,Marcus Morris,JR,2010-11,F,Kansas,Big 12,38,28.3,6.3,11.1,5.6,9.1,0.7,2,3.9,5.7,2.6,5,7.6,1.6,0.8,0.6,1.8,2.6,17.2,,,,,,,259,2016,2,55,"Paige, Marcus",PG,North Carolina,Marcus Paige,Marcus Paige,Marcus Paige,SR,2015-16,G,North Carolina,ACC,34,31.6,4.3,10.9,2,4.4,2.3,6.5,2.4,3,0.4,2.1,2.5,3.7,1.1,0.4,1.2,1.5,13.4,,,,,,,172,2014,1,6,"Smart, Marcus",PG,Oklahoma State,Marcus Smart,Marcus Smart,Marcus Smart,FR,2012-13,G,Oklahoma State,Big 12,33,33.5,4.6,11.3,3.4,7.4,1.2,4,5.1,6.5,1.5,4.3,5.8,4.2,3,0.7,3.4,2.8,15.4,,,,,,,232,2015,2,45,"Thornton, Marcus",PG,William & Mary,Marcus Thornton,Marcus Thornton,Marcus Thornton,SR,2014-15,G,William & Mary,CAA,33,36.7,6.5,14.3,3.4,6.6,3.1,7.7,3.8,4.6,0.3,2.5,2.8,2.9,0.6,0.1,2.3,1.1,20,,,,,,,173,2014,2,44,"Brown, Markel",SG,Oklahoma State,Markel Brown,Markel Brown,Markel Brown,SR,2013-14,G,Oklahoma State,Big 12,34,35.3,5.6,11.8,4,7.6,1.6,4.3,4.4,5.7,1.1,4.2,5.3,2.9,1,1,1.6,2.5,17.2,,,,,,,64,2012,1,29,"Teague, Marquis",PG,Kentucky,Marquis Teague,Marquis Teague,Marquis Teague,FR,2011-12,G,Kentucky,SEC,40,32.6,3.6,8.8,3,6.8,0.7,2,2.1,3,0.4,2.1,2.5,4.8,0.9,0.3,2.7,2.3,10,,,,,,,31,2011,1,25,"Brooks, MarShon",SG,Providence,MarShon Brooks,Marshon Brooks,Marshon Brooks,SR,2010-11,G,Providence,Big East,32,36.5,8.6,17.8,6.5,11.7,2.1,6.2,5.3,6.8,2.3,4.8,7,2.5,1.5,1.2,3.1,2.5,24.6,,,,,,,107,2013,1,22,"Plumlee, Mason",C,Duke,Mason Plumlee,Mason Plumlee,Mason Plumlee,SR,2012-13,F,Duke,ACC,36,34.7,6.1,10.3,6.1,10.3,0,0,4.8,7.1,2.7,7.2,9.9,1.9,1,1.4,2.9,2.6,17.1,,,,,,,84,2012,1,15,"Harkless, Maurice",SF,St. John's,Maurice Harkless,Maurice Harkless,Maurice Harkless,FR,2011-12,G,St. John's (NY),Big East,32,36.1,6,13.3,5.5,10.9,0.5,2.5,2.9,4.3,2.8,5.9,8.6,1.5,1.6,1.4,2.5,2.3,15.5,,,,,,,140,2013,1,11,"Carter-Williams, Michael",PG,Syracuse,Michael Carter-Williams,Michael Carter-Williams,Michael Carter-Williams,SO,2012-13,G,Syracuse,Big East,40,35.2,3.9,9.9,3,6.9,0.9,3,3.2,4.7,1.3,3.7,5,7.3,2.7,0.5,3.5,2.3,11.9,,,,,,,270,2016,2,49,"Gbinije, Michael",SF,Syracuse,Michael Gbinije,Michael Gbinije,Michael Gbinije,SR,2015-16,F,Syracuse,ACC,37,37.9,6.1,13.2,3.6,6.9,2.5,6.3,2.9,4.3,1.1,3,4.1,4.3,1.9,0.4,2.8,2.6,17.5,,,,,,,62,2012,1,2,"Kidd-Gilchrist, Michael",SF,Kentucky,Michael Kidd-Gilchrist,Michael Kidd-Gilchrist,Michael Kidd-Gilchrist,FR,2011-12,F,Kentucky,SEC,40,31.1,4,8.2,3.7,6.9,0.3,1.3,3.6,4.8,2.6,4.9,7.4,1.9,1,0.9,2.2,2.4,11.9,,,,,,,102,2013,2,44,"Muscala, Mike",C,Bucknell,Mike Muscala,Mike Muscala,Mike Muscala,SR,2012-13,F,Bucknell,Patriot,34,31.7,6.7,13.1,6.6,12.6,0.1,0.5,5.3,6.7,2.9,8.2,11.1,2.3,0.5,2.4,1.7,2.2,18.7,,,,,,,94,2012,2,43,"Scott, Mike",PF,Virginia,Mike Scott,Mike Scott,Mike Scott,SR,2010-11,G,Fairleigh Dickinson,NEC,29,37.2,4.3,11.4,2.2,6.1,2.1,5.3,4.2,5.1,1,4.2,5.2,4.4,1.6,0.2,3.6,3.3,14.9,,,,,,,209,2015,2,32,"Harrell, Montrezl",PF,Louisville,Montrezl Harrell,Montrezl Harrell,Montrezl Harrell,JR,2014-15,F,Louisville,ACC,35,35.1,6.1,10.7,5.8,9.7,0.3,1.1,3.3,5.5,3.2,6,9.2,1.4,0.9,1.2,2,2.1,15.7,,,,,,,139,2013,2,38,"Wolters, Nate",PG,South Dakota State,Nate Wolters,Nate Wolters,Nate Wolters,SR,2012-13,G,South Dakota State,Summit,33,38.1,7.3,15.1,5.4,10,1.9,5.1,5.7,7,1.1,4.5,5.6,5.8,1.7,0.1,2.3,1.5,22.3,,,,,,,145,2014,2,42,"Johnson, Nick",PG/SG,Arizona,Nick Johnson,Nick Johnson,Nick Johnson,JR,2013-14,G,Arizona,Pac-12,38,33.1,5.4,12.5,3.8,8,1.6,4.4,3.8,4.9,0.8,3.2,4.1,2.8,1.1,0.7,1.7,2,16.3,,,,,,,294,2017,2,55,"Williams-Goss, Nigel",PG,Gonzaga,Nigel Williams-Goss,Nigel Williams-Goss,Nigel Williams-Goss,JR,2016-17,G,Gonzaga,WCC,38,32.8,5.8,11.9,4.7,8.8,1.1,3.1,4.1,4.8,0.6,5.4,6,4.7,1.7,0.1,2.1,1.6,16.8,,,,,,,164,2014,1,8,"Stauskas, Nik",SG,Michigan,Nik Stauskas,Nik Stauskas,Nik Stauskas,SO,2013-14,G,Michigan,Big Ten,36,35.6,5.1,10.9,2.6,5.2,2.6,5.8,4.7,5.7,0.4,2.5,2.9,3.3,0.6,0.3,1.9,1.3,17.5,,,,,,,9,2011,1,21,"Smith, Nolan",PG,Duke,Nolan Smith,Nolan Smith,Nolan Smith,SR,2010-11,G,Duke,ACC,37,34,7,15.4,5.5,10.9,1.5,4.4,5.1,6.2,1.2,3.3,4.5,5.1,1.2,0.1,3.2,1.9,20.6,,,,,,,227,2015,2,46,"Powell, Norman",SG,UCLA,Norman Powell,Norman Powell,Norman Powell,SR,2014-15,G,UCLA,Pac-12,36,34.6,5.9,13,4.9,9.7,1.1,3.3,3.5,4.7,0.6,4.1,4.7,2.1,1.8,0.4,2.2,2.5,16.4,,,,,,,4,2011,1,28,"Cole, Norris",PG,Cleveland State,Norris Cole,Norris Cole,Norris Cole,SR,2010-11,G,Cleveland State,Horizon,36,35.7,7,15.9,5.6,11.8,1.4,4.1,6.3,7.4,0.8,5.1,5.8,5.3,2.2,0.1,2.7,2.4,21.7,,,,,,,193,2015,2,42,"Hanlan, Olivier",PG,Boston College,Olivier Hanlan,Olivier Hanlan,Olivier Hanlan,JR,2014-15,G,Boston College,ACC,32,37.6,7,15.5,5,9.8,2,5.8,3.4,4.5,0.8,3.5,4.2,4.2,1.3,0,2.7,2.1,19.5,,,,,,,90,2012,2,36,"Johnson, Orlando",SG,UC Santa Barbara,Orlando Johnson,Orlando Johnson,Orlando Johnson,SR,2011-12,G,UC-Santa Barbara,Big West,31,34.4,6.7,14.8,4.4,9.5,2.3,5.3,4.1,5.9,1.7,4.1,5.8,2.9,1.1,0.7,2.5,1.8,19.7,,,,,,,110,2013,1,3,"Porter, Otto",SF,Georgetown,Otto Porter,Otto Porter,Otto Porter,SO,2012-13,F,Georgetown,Big East,31,35.4,5.4,11.3,4,8,1.4,3.3,3.9,5.1,1.8,5.7,7.5,2.7,1.8,0.9,1.5,2,16.2,,,,,,,257,2016,1,27,"Siakam, Pascal",PF,New Mexico State,Pascal Siakam,Pascal Siakam,Pascal Siakam,SO,2015-16,F,New Mexico State,WAC,34,34.6,8.1,15,8,14.6,0.1,0.4,4,5.9,3.9,7.7,11.6,1.7,1,2.2,2,2.7,20.3,,,,,,,217,2015,2,41,"Connaughton, Pat",SF,Notre Dame,Pat Connaughton,Pat Connaughton,Pat Connaughton,SR,2014-15,G,Notre Dame,ACC,38,35.6,4.4,9.4,1.9,3.6,2.4,5.8,1.3,1.7,1.1,6.3,7.4,1.5,0.7,0.9,1.2,2,12.5,,,,,,,271,2016,2,38,"McCaw, Patrick",SG/SF,UNLV,Patrick McCaw,Patrick McCaw,Patrick McCaw,SO,2015-16,G,Nevada-Las Vegas,MWC,33,33.7,5.1,10.9,3,5.3,2.1,5.6,2.5,3.2,1.2,4,5.1,3.9,2.5,0.4,2.1,2.2,14.7,,,,,,,122,2013,2,56,"Siva, Peyton",PG,Louisville,Peyton Siva,Peyton Siva,Peyton Siva,SR,2012-13,G,Louisville,Big East,40,31.2,3.5,8.6,2.5,5.3,1,3.3,2.1,2.5,0.3,2.1,2.4,5.7,2.3,0.2,2.7,2.6,10,,,,,,,101,2013,2,42,"Jackson, Pierre",PG,Baylor,Pierre Jackson,Pierre Jackson,Pierre Jackson,SR,2012-13,G,Baylor,Big 12,36,34.8,6,14.1,3.6,7.3,2.4,6.8,5.3,6.7,0.7,3.1,3.8,7.1,1.5,0,3.4,2.2,19.8,,,,,,,48,2012,2,37,"Acy, Quincy",PF,Baylor,Quincy Acy,Quincy Acy,Quincy Acy,SR,2011-12,F,Baylor,Big 12,38,29.7,4.2,7.2,4.1,7.1,0.1,0.1,3.6,4.6,2.6,4.8,7.4,1,0.9,1.8,1.9,3.1,12,,,,,,,199,2015,1,28,"Hunter, R. J.",SG,Georgia State,R. J. Hunter,R.J. Hunter,R.J. Hunter,JR,2014-15,G,Georgia State,Sun Belt,35,37,5.8,14.7,3.5,7.2,2.3,7.5,5.8,6.6,0.8,3.9,4.7,3.6,2.1,1,2.2,2.4,19.7,,,,,,,131,2013,1,25,"Bullock, Reggie",SF,North Carolina,Reggie Bullock,Reggie Bullock,Reggie Bullock,JR,2012-13,G,North Carolina,ACC,35,31.4,4.9,10.2,2.4,4.4,2.5,5.8,1.6,2.1,2,4.4,6.5,2.9,1.3,0.3,1.2,1.4,13.9,,,,,,,1,2011,1,24,"Jackson, Reggie",PG,Boston College,Reggie Jackson,Reggie Jackson,Reggie Jackson,JR,2010-11,G,Boston College,ACC,34,34.1,6.4,12.8,4.4,7.8,2.1,5,3.2,4,1,3.3,4.3,4.5,1.1,0.5,2.4,1.7,18.2,,,,,,,82,2012,2,58,"Hummel, Robbie",SF,Purdue,Robbie Hummel,Robbie Hummel,Robbie Hummel,SR,2011-12,F,Purdue,Big Ten,35,32.2,5.5,13.3,3.5,7.9,2.1,5.4,3.2,3.9,1.6,5.6,7.2,1.9,0.7,1.2,0.9,2.1,16.4,,,,,,,153,2014,1,23,"Hood, Rodney",SG,Duke,Rodney Hood,Rodney Hood,Rodney Hood,SO,2013-14,F,Duke,ACC,35,32.9,5.5,11.8,3.4,6.9,2,4.8,3.1,3.9,0.8,3.1,3.9,2.1,0.7,0.3,1.5,2.6,16.1,,,,,,,191,2015,1,23,"Hollis-Jefferson, Rondae",SF,Arizona,Rondae Hollis-Jefferson,Rondae Hollis-Jefferson,Rondae Hollis-Jefferson,SO,2014-15,F,Arizona,Pac-12,38,28.7,3.6,7.2,3.5,6.5,0.2,0.8,3.8,5.4,2,4.8,6.8,1.6,1.2,0.8,1.6,2.5,11.2,,,,,,,58,2012,1,16,"White, Royce",PF,Iowa State,Royce White,Royce White,Royce White,SO,2011-12,F,Iowa State,Big 12,34,31.5,5.1,9.6,5,9.3,0.1,0.4,3,6,2.5,6.8,9.3,5,1.2,0.9,3.8,2.6,13.4,,,,,,,163,2014,2,47,"Smith, Russ",PG/SG,Louisville,Russ Smith,Russ Smith,Russ Smith,SR,2013-14,G,Louisville,AAC,37,29.3,6.1,13,4.2,8.1,1.9,4.9,4.1,5.9,0.8,2.5,3.3,4.6,2,0.1,2.8,2.5,18.2,,,,,,,234,2015,1,18,"Dekker, Sam",SF,Wisconsin,Sam Dekker,Sam Dekker,Sam Dekker,JR,2014-15,F,Wisconsin,Big Ten,40,31,5.3,10.2,4.1,6.4,1.3,3.8,2,2.8,1.9,3.6,5.5,1.2,0.5,0.5,0.9,1.1,13.9,,,,,,,189,2014,2,55,"Christon, Semaj",PG,Xavier,Semaj Christon,Semaj Christon,Semaj Christon,SO,2013-14,G,Xavier,Big East,34,35.3,5.9,12.4,5.4,10.9,0.6,1.4,4.6,6.9,0.4,2.2,2.7,4.2,1.3,0.2,2.6,2.1,17,,,,,,,316,2017,2,37,"Ojeleye, Semi",SF/PF,SMU,Semi Ojeleye,Semi Ojeleye,Semi Ojeleye,JR,2016-17,F,Southern Methodist,AAC,35,34.1,6,12.3,3.9,7.4,2.1,4.9,4.9,6.3,2.3,4.6,6.9,1.5,0.4,0.4,1.4,1.8,19,,,,,,,149,2014,1,24,"Napier, Shabazz",PG,Connecticut,Shabazz Napier,Shabazz Napier,Shabazz Napier,SR,2013-14,G,Connecticut,AAC,40,35.1,5.3,12.4,3.2,7,2.2,5.4,5.2,6,1,4.9,5.9,4.9,1.8,0.3,2.9,2.1,18,,,,,,,124,2013,1,18,"Larkin, Shane",PG,Miami (FL),Shane Larkin,Shane Larkin,Shane Larkin,SO,2012-13,G,Miami (FL),ACC,36,36.4,5.1,10.6,3.2,5.9,1.9,4.7,2.4,3.1,0.5,3.4,3.8,4.6,2,0.1,2.3,1.6,14.5,,,,,,,2,2011,2,34,"Mack, Shelvin",PG,Butler,Shelvin Mack,Shelvin Mack,Shelvin Mack,JR,2010-11,G,Butler,Horizon,38,32.1,5.3,13,3,6.5,2.3,6.5,3.2,4.1,0.7,3.8,4.5,3.4,0.8,0.1,2.4,1.7,16,,,,,,,318,2017,2,48,"Thornwell, Sindarius",SG,South Carolina,Sindarius Thornwell,Sindarius Thornwell,Sindarius Thornwell,JR,2015-16,G,South Carolina,SEC,34,33.1,4.2,11.1,2.9,7,1.4,4.1,3.6,4.7,1.1,3.7,4.8,3.8,1.5,0.5,2.3,1.9,13.4,,,,,,,220,2015,2,53,"Pointer, Sir'Dominic",SF,St. John's,Sir'Dominic Pointer,Sir'Dominic Pointer,Sir'Dominic Pointer,SR,2014-15,G,St. John's (NY),Big East,33,34.6,5.3,10.1,5.2,9.4,0.1,0.8,3,4.2,1.9,5.7,7.7,3,1.9,2.4,2,3,13.7,,,,,,,98,2013,1,23,"Hill, Solomon",SF,Arizona,Solomon Hill,Solomon Hill,Solomon Hill,SR,2012-13,F,Arizona,Pac-12,35,33,4.5,9.9,2.9,5.7,1.6,4.2,2.7,3.5,1.7,3.6,5.3,2.7,1.1,0.6,2.2,2.2,13.4,,,,,,,148,2014,2,38,"Dinwiddie, Spencer",PG/SG,Colorado,Spencer Dinwiddie,Spencer Dinwiddie,Spencer Dinwiddie,SO,2012-13,G,Colorado,Pac-12,33,32.5,3.9,9.5,2.5,5.3,1.4,4.2,6,7.3,0.3,2.9,3.2,3,1.3,0.5,2.2,2,15.3,,,,,,,190,2015,1,8,"Johnson, Stanley",SF,Arizona,Stanley Johnson,Stanley Johnson,Stanley Johnson,FR,2014-15,F,Arizona,Pac-12,38,28.4,4.6,10.3,3.4,7.2,1.1,3.1,3.5,4.7,2,4.5,6.5,1.7,1.5,0.4,2.2,2.6,13.8,,,,,,,317,2017,2,46,"Brown, Sterling",SG,SMU,Sterling Brown,Sterling Brown,Sterling Brown,SR,2016-17,G,Southern Methodist,AAC,35,32.7,4.6,10,2.9,6.1,1.7,3.9,2.5,3.1,1.6,4.9,6.5,3,1.4,0.5,2,2.6,13.4,,,,,,,171,2014,1,14,"Warren, T. J.",SF,NC State,T. J. Warren,T.J. Warren,T.J. Warren,SO,2013-14,F,NC State,ACC,35,35.4,9.8,18.6,8.9,15.3,0.9,3.3,4.5,6.5,3.2,3.9,7.1,1.1,1.8,0.6,2.4,2.8,24.9,,,,,,,63,2012,1,18,"Jones, Terrence",PF,Kentucky,Terrence Jones,Terrence Jones,Terrence Jones,SO,2011-12,F,Kentucky,SEC,38,29.3,4.7,9.3,4.2,8,0.4,1.3,2.6,4.2,2.5,4.6,7.2,1.3,1.3,1.8,1.6,2.4,12.3,,,,,,,95,2012,1,8,"Ross, Terrence",SG,Washington,Terrence Ross,Terrence Ross,Terrence Ross,SO,2011-12,G,Washington,Pac-12,35,31.1,6.1,13.4,4.1,7.9,2.1,5.5,2.1,2.7,1.4,5.1,6.4,1.4,1.3,0.9,2,2.8,16.4,,,,,,,208,2015,1,16,"Rozier, Terry",PG,Louisville,Terry Rozier,Terry Rozier,Terry Rozier,SO,2014-15,G,Louisville,ACC,36,35,5.9,14.5,4.6,10.1,1.3,4.4,3.9,4.9,1.2,4.4,5.6,3,2,0.2,2.2,1.7,17.1,,,,,,,59,2012,1,5,"Robinson, Thomas",PF,Kansas,Thomas Robinson,Thomas Robinson,Thomas Robinson,JR,2011-12,F,Kansas,Big 12,39,31.8,6.7,13.3,6.5,12.9,0.2,0.4,4.2,6.1,2.9,9,11.9,1.8,1.1,0.9,2.7,2.7,17.7,,,,,,,132,2013,2,37,"Mitchell, Tony",PF,North Texas,Tony Mitchell,Tony Mitchell,Tony Mitchell,SO,2010-11,F,Alabama,SEC,37,31.5,6.2,11.8,5.3,9.2,0.8,2.6,2.1,3.2,2.6,4.4,7.1,1.3,1.6,1.1,1.7,2.4,15.2,,,,,,,130,2013,1,20,"Snell, Tony",SF,New Mexico,Tony Snell,Tony Snell,Tony Snell,JR,2012-13,G,New Mexico,MWC,35,31.2,4.1,9.7,2.3,5.1,1.8,4.7,2.5,2.9,0.4,2.2,2.6,2.9,0.8,0.5,2.1,1.3,12.5,,,,,,,125,2013,1,9,"Burke, Trey",PG,Michigan,Trey Burke,Trey Burke,Trey Burke,SO,2012-13,G,Michigan,Big Ten,39,35.3,6.6,14.4,4.7,9.3,1.9,5.1,3.4,4.3,0.5,2.6,3.2,6.7,1.6,0.5,2.2,1.9,18.6,,,,,,,38,2011,1,4,"Thompson, Tristan",C/PF,Texas,Tristan Thompson,Tristan Thompson,Tristan Thompson,FR,2010-11,F,Texas,Big 12,36,30.7,4.8,8.8,4.8,8.8,0,0,3.5,7.3,3.8,4,7.8,1.3,0.9,2.4,1.8,2.8,13.1,,,,,,,313,2017,2,41,"Dorsey, Tyler",SG,Oregon,Tyler Dorsey,Tyler Dorsey,Tyler Dorsey,SO,2016-17,G,Oregon,Pac-12,39,30,4.8,10.4,2.6,5.1,2.3,5.3,2.7,3.6,0.8,2.6,3.5,1.7,0.8,0.1,1.5,1.5,14.6,,,,,,,178,2014,1,18,"Ennis, Tyler",PG,Syracuse,Tyler Ennis,Tyler Ennis,Tyler Ennis,FR,2013-14,G,Syracuse,ACC,34,35.7,4.4,10.6,3.5,8.1,0.9,2.5,3.4,4.4,0.8,2.6,3.4,5.5,2.1,0.2,1.7,2,12.9,,,,,,,198,2015,2,51,"Harvey, Tyler",PG,Eastern Washington,Tyler Harvey,Tyler Harvey,Tyler Harvey,JR,2014-15,G,Eastern Washington,Big Sky,32,36.9,7.2,15.3,3.2,6,4,9.3,4.7,5.5,0.6,3,3.6,2.6,1.1,0.1,2,1.9,23.1,,,,,,,41,2011,2,35,"Honeycutt, Tyler",SF,UCLA,Tyler Honeycutt,Tyler Honeycutt,Tyler Honeycutt,SO,2010-11,F,UCLA,Pac-10,33,35,4.4,10.8,2.7,6.2,1.7,4.6,2.4,3.2,1.5,5.7,7.2,2.8,0.9,2,3,1.6,12.8,,,,,,,319,2017,1,24,"Lydon, Tyler",PF,Syracuse,Tyler Lydon,Tyler Lydon,Tyler Lydon,SO,2016-17,F,Syracuse,ACC,34,36.1,4.4,9.4,3,5.7,1.4,3.6,2.9,3.4,2.3,6.3,8.6,2.1,1,1.4,1.7,2.5,13.2,,,,,,,248,2016,2,34,"Ulis, Tyler",PG,Kentucky,Tyler Ulis,Tyler Ulis,Tyler Ulis,SO,2015-16,G,Kentucky,SEC,35,36.8,5.5,12.6,3.9,8.1,1.6,4.6,4.8,5.6,0.5,2.5,3,7,1.5,0.1,2,1.8,17.3,,,,,,,79,2012,1,17,"Zeller, Tyler",C,North Carolina,Tyler Zeller,Tyler Zeller,Tyler Zeller,SR,2011-12,F,North Carolina,ACC,38,28.2,5.8,10.5,5.8,10.5,0,0,4.8,5.9,3.8,5.8,9.6,0.9,0.9,1.5,1.9,2.7,16.3,,,,,,,238,2016,2,60,"Wallace, Tyrone",PG,California,Tyrone Wallace,Tyrone Wallace,Tyrone Wallace,JR,2014-15,G,University of California,Pac-12,33,34.9,6.3,14.8,5.5,12.2,0.8,2.7,3.6,6,0.9,6.2,7.1,4,1.3,0.3,2.8,2.8,17.1,,,,,,,60,2012,2,41,"Taylor, Tyshawn",PG,Kansas,Tyshawn Taylor,Tyshawn Taylor,Tyshawn Taylor,SR,2011-12,G,Kansas,Big 12,39,33.4,5.8,12.2,4.3,8.3,1.5,3.9,3.5,5.1,0.2,2.1,2.3,4.8,1.3,0.2,3.5,2,16.6,,,,,,,197,2015,1,24,"Jones, Tyus",PG,Duke,Tyus Jones,Tyus Jones,Tyus Jones,FR,2014-15,G,Duke,ACC,39,33.9,3.5,8.3,2.3,5.1,1.2,3.2,3.7,4.2,0.5,3,3.5,5.6,1.5,0.1,1.9,1.2,11.8,,,,,,,70,2012,2,40,"Barton, Will",SG,Memphis,Will Barton,Will Barton,Will Barton,SO,2011-12,G,Memphis,CUSA,35,35.3,6.6,12.9,5.5,9.9,1.1,3.1,3.8,5.1,2,6,8,2.9,1.4,0.7,2.1,2.1,18,,,,,,,175,2014,2,59,"Thames, Xavier",PG/SG,San Diego State,Xavier Thames,Xavier Thames,Xavier Thames,SR,2013-14,G,San Diego State,MWC,36,31.3,5.2,12.7,3.5,8.2,1.7,4.5,5.4,6.5,0.6,2.3,2.9,3.2,1.6,0.1,1.4,2,17.6,,,,,,,281,2017,2,53,"Allen, Kadeem",SG,Arizona,Kadeem Allen,Kadeem Allen,Kadeem Allen,SO,,,,,34,30,3.1,6.9,2.2,4.7,0.9,2.2,2.5,3.4,0.4,3.7,4,3,1.6,0.6,1.9,2.4,9.8,,,,,,,282,2017,2,35,"Rabb, Ivan",PF,California,Ivan Rabb,Ivan Rabb,Ivan Rabb,SO,,,,,31,32.6,4.9,10.1,4.6,9.4,0.3,0.6,4,6,3,7.4,10.5,1.5,0.7,1,2.2,3.1,14,,,,,,,283,2017,2,56,"Bird, Jabari",SG,California,Jabari Bird,Jabari Bird,Jabari Bird,SR,,,,,27,32,5.2,11.8,2.8,5.2,2.4,6.6,1.6,2,1,3.7,4.7,1,0.7,0.2,1.9,1.9,14.3,,,,,,,286,2017,1,16,"Patton, Justin",C,Creighton,Justin Patton,Justin Patton,Justin Patton,FR,,,,,35,25.3,5.7,8.5,5.5,8,0.2,0.4,1.3,2.5,1.7,4.5,6.2,1.2,0.9,1.4,1.7,2.7,12.9,,,,,,,287,2017,1,3,"Tatum, Jayson",SF,Duke,Jayson Tatum,Jayson Tatum,Jayson Tatum,FR,,,,,29,33.3,5.7,12.6,4.3,8.6,1.4,4,4.1,4.8,1.3,6,7.3,2.1,1.3,1.1,2.6,3,16.8,,,,,,,289,2017,1,20,"Giles, Harry",PF/C,Duke,Harry Giles,Harry Giles,Harry Giles,FR,,,,,26,11.5,1.7,3,1.7,3,0,0,0.5,0.9,1.6,2.3,3.8,0.3,0.3,0.7,0.7,2.2,3.9,,,,,,,290,2017,2,31,"Jackson, Frank",PG,Duke,Frank Jackson,Frank Jackson,Frank Jackson,FR,,,,,36,24.9,3.7,7.8,2.3,4.2,1.4,3.6,2.1,2.8,0.6,1.9,2.5,1.7,0.6,0.1,1.4,2.4,10.9,,,,,,,291,2017,1,6,"Isaac, Jonathan",SF/PF,Florida State,Jonathan Isaac,Jonathan Isaac,Jonathan Isaac,FR,,,,,32,26.2,4.1,8,3.1,5.2,1,2.8,2.9,3.7,1.8,6.1,7.8,1.2,1.2,1.5,1.5,2.2,12,,,,,,,292,2017,2,40,"Bacon, Dwayne",SG,Florida State,Dwayne Bacon,Dwayne Bacon,Dwayne Bacon,SO,,,,,35,28.8,6.3,14,4.7,9.1,1.6,4.9,3,3.9,1,3.2,4.2,1.7,1,0.1,2,1.6,17.2,,,,,,,293,2017,1,10,"Collins, Zach",C/PF,Gonzaga,Zach Collins,Zach Collins,Zach Collins,FR,,,,,39,17.3,3.5,5.3,3.2,4.8,0.3,0.5,2.8,3.8,1.7,4.2,5.9,0.4,0.5,1.8,1.5,2.7,10,,,,,,,296,2017,1,23,"Anunoby, OG",SF,Indiana,OG Anunoby,OG Anunoby,OG Anunoby,SO,,,,,16,25.1,4.3,7.6,3.4,4.8,0.9,2.8,1.7,3,1.8,3.7,5.4,1.4,1.3,1.3,1.6,2.1,11.1,,,,,,,297,2017,2,42,"Bryant, Thomas",PF,Indiana,Thomas Bryant,Thomas Bryant,Thomas Bryant,SO,,,,,34,28.1,4.4,8.4,3.7,6.6,0.7,1.8,3.2,4.4,2.2,4.4,6.6,1.5,0.8,1.5,2.3,3.1,12.6,,,,,,,298,2017,2,51,"Morris, Mont棠逦棠錩棠宕题濠",PG,Iowa State,Monte Morris,Monte Morris,Monte Morris,SR,,,,,35,35.3,6.2,13.3,4.6,9.2,1.5,4.1,2.5,3.2,1.1,3.7,4.8,6.2,1.5,0.3,1.2,1.5,16.4,,,,,,,300,2017,2,34,"Mason III, Frank",PG,Kansas,Frank Mason III,Frank Mason III,Frank Mason III,SR,,,,,36,36.1,6.7,13.7,4.4,8.8,2.3,4.8,5.3,6.6,0.6,3.6,4.2,5.2,1.3,0.1,2.4,2,20.9,,,,,,,301,2017,2,33,"Iwundu, Wes",SF,Kansas State,Wes Iwundu,Wes Iwundu,Wes Iwundu,SR,,,,,35,31.4,4.3,9,3.4,6.5,0.9,2.4,3.5,4.5,1,5.3,6.3,3.5,1,0.3,2.3,1.8,13,,,,,,,302,2017,1,5,"Fox, De'Aaron",PG,Kentucky,De'Aaron Fox,De'Aaron Fox,De'Aaron Fox,FR,,,,,36,29.6,5.9,12.4,5.5,10.5,0.5,1.9,4.3,5.9,0.6,3.4,4,4.6,1.5,0.2,2.4,2.5,16.7,,,,,,,310,2017,1,28,"Bradley, Tony",PF/C,North Carolina,Tony Bradley,Tony Bradley,Tony Bradley,FR,,,,,38,14.6,2.7,4.7,2.7,4.7,0,0,1.7,2.8,2.6,2.6,5.1,0.6,0.3,0.6,0.7,1.8,7.1,,,,,,,311,2017,2,39,"Evans, Jawun",PG,Oklahoma State,Jawun Evans,Jawun Evans,Jawun Evans,SO,,,,,32,29.3,6.6,15.1,5.5,12.1,1.1,3,4.8,6,0.8,2.7,3.4,6.4,1.8,0.1,2.8,2.3,19.2,,,,,,,320,2017,1,22,"Allen, Jarrett",C,Texas,Jarrett Allen,Jarrett Allen,Jarrett Allen,FR,,,,,33,32.2,5.4,9.6,5.4,9.4,0,0.2,2.5,4.5,3,5.4,8.4,0.8,0.6,1.5,2.5,2.1,13.4,,,,,,,322,2017,1,18,"Leaf, T. J.",PF,UCLA,T. J. Leaf,T. J. Leaf,T. J. Leaf,FR,,,,,35,29.9,6.7,10.9,5.9,9.2,0.8,1.7,2.1,3,2.2,6,8.2,2.4,0.6,1.1,1.5,2.5,16.3,,,,,,,323,2017,2,47,"Anigbogu, Ike",C,UCLA,Ike Anigbogu,Ike Anigbogu,Ike Anigbogu,FR,,,,,29,13,2,3.5,2,3.5,0,0,0.8,1.5,1.4,2.6,4,0.2,0.2,1.2,0.8,2.5,4.7,,,,,,,324,2017,1,27,"Kuzma, Kyle",PF,Utah,Kyle Kuzma,Kyle Kuzma,Kyle Kuzma,JR,,,,,29,30.8,6.3,12.4,5.3,9.6,0.9,2.9,2.9,4.4,2.8,6.6,9.3,2.4,0.6,0.5,2.1,1.6,16.4,,,,,,,326,2017,1,19,"Collins, John",PF,Wake Forest,John Collins,John Collins,John Collins,SO,,,,,33,26.6,7.1,11.4,7.1,11.4,0,0,5,6.7,3.8,6.1,9.8,0.5,0.6,1.6,1.8,3,19.2,,,,,,,327,2017,1,1,"Fultz, Markelle",PG/SG,Washington,Markelle Fultz,Markelle Fultz,Markelle Fultz,FR,,,,,25,35.7,8.4,17.6,6.3,12.5,2.1,5,4.4,6.7,1.3,4.4,5.7,5.9,1.6,1.2,3.2,2.5,23.2,,,,,,,328,2017,2,52,"Sumner, Edmond",PG,Xavier,Edmond Sumner,Edmond Sumner,Edmond Sumner,JR,,,,,22,31.7,4.6,9.6,4,7.6,0.5,2,4.5,6.2,0.5,3.6,4.1,4.8,1.2,0.7,2.6,2.3,14.3,,,,,,,236,2016,1,12,"Prince, Taurean",PF,Baylor,Taurean Prince,Taurean Prince,Taurean Prince,SR,,,,,34,30.6,5.5,12.7,3.9,8.4,1.6,4.3,3.3,4.3,2.4,3.7,6.1,2.3,1.3,0.7,2.7,2.5,15.9,,,,,,,241,2016,1,19,"Beasley, Malik",SG,Florida State,Malik Beasley,Malik Beasley,Malik Beasley,FR,,,,,34,29.8,5.4,11.6,3.8,7.4,1.6,4.2,3.1,3.8,1.3,4,5.3,1.5,0.9,0.2,1.7,2.2,15.6,,,,,,,245,2016,2,33,"Diallo, Cheick",PF/C,Kansas,Cheick Diallo,Cheick Diallo,Cheick Diallo,FR,,,,,27,7.5,1.2,2.1,1.2,2.1,0,0,0.6,1,0.6,1.9,2.5,0,0.3,0.9,0.6,1.4,3,,,,,,,247,2016,1,28,"Labissi棠逦棠錩棠宕棠邂re, Skal",PF/C,Kentucky,Skal Labissiere,Skal Labissiere,Skal Labissiere,FR,,,,,36,15.8,2.7,5.3,2.7,5.2,0,0.1,1.1,1.7,1,2.2,3.1,0.3,0.3,1.6,0.9,3,6.6,,,,,,,249,2016,2,37,"Onuaku, Chinanu",PF/C,Louisville,Chinanu Onuaku,Chinanu Onuaku,Chinanu Onuaku,SO,,,,,31,24.6,4.4,7.1,4.4,7.1,0,0,1.1,1.8,2.9,5.5,8.5,1.6,0.8,2,2.1,3,9.9,,,,,,,252,2016,2,40,"Stone, Diamond",C,Maryland,Diamond Stone,Diamond Stone,Diamond Stone,FR,,,,,35,23.1,4.8,8.4,4.8,8.4,0,0,2.9,3.8,2.2,3.2,5.4,0.4,0.5,1.6,1.5,2.3,12.5,,,,,,,256,2016,2,31,"Davis, Deyonta",PF/C,Michigan State,Deyonta Davis,Deyonta Davis,Deyonta Davis,FR,,,,,35,18.6,3.4,5.7,3.4,5.7,0,0,0.7,1.1,2.1,3.4,5.5,0.7,0.3,1.8,0.9,2.3,7.5,,,,,,,266,2016,2,46,"Hammons, A. J.",C,Purdue,A. J. Hammons,A. J. Hammons,A. J. Hammons,SR,,,,,33,24.6,6,10.2,5.8,9.8,0.2,0.3,2.7,3.8,2.3,5.8,8.2,1.1,0.3,2.5,2,2.4,15,,,,,,,272,2016,2,41,"Zimmerman, Stephen",PF/C,UNLV,Stephen Zimmerman,Stephen Zimmerman,Stephen Zimmerman,FR,,,,,26,26.2,3.9,8.2,3.7,7.6,0.2,0.7,2.4,3.9,2.2,6.6,8.7,0.8,0.5,2,2.1,3,10.5,,,,,,,274,2016,1,17,"Baldwin IV, Wade",PG,Vanderbilt,Wade Baldwin IV,Wade Baldwin IV,Wade Baldwin IV,SO,,,,,33,30.4,4.1,9.6,2.8,6.5,1.2,3.1,4.7,5.9,0.4,3.6,4,5.2,1.2,0.3,2.8,2.6,14.1,,,,,,,275,2016,1,30,"Jones, Damian",C,Vanderbilt,Damian Jones,Damian Jones,Damian Jones,JR,,,,,33,26.2,5.6,9.5,5.6,9.4,0,0.1,2.7,5.1,2.2,4.6,6.9,1.2,0.2,1.6,2,3.3,13.9,,,,,,,277,2016,1,8,"Chriss, Marquese",PF,Washington,Marquese Chriss,Marquese Chriss,Marquese Chriss,FR,,,,,34,24.9,5.3,9.9,4.6,8.2,0.6,1.8,2.6,3.8,2.5,2.9,5.4,0.8,0.9,1.6,2,4.1,13.7,,,,,,,279,2016,2,52,"Bolomboy, Joel",PF/C,Weber State,Joel Bolomboy,Joel Bolomboy,Joel Bolomboy,SR,,,,,33,31.5,5.8,10.2,5.2,8.5,0.6,1.7,4.8,6.9,3.3,9.3,12.6,1.1,0.7,1.2,2.4,2.2,17.1,,,,,,,194,2015,2,37,"Holmes, Richaun",SF/PF,Bowling Green,Richaun Holmes,Richaun Holmes,Richaun Holmes,JR,,,,,31,28.8,5.3,9.5,4.7,8.1,0.6,1.4,3.5,4.9,2.8,5.2,8,0.8,0.7,2.7,1.9,2.5,14.7,,,,,,,201,2015,1,15,"Oubre Jr., Kelly",SG,Kansas,Kelly Oubre Jr.,Kelly Oubre Jr.,Kelly Oubre Jr.,FR,,,,,36,21,3.1,6.9,2.1,4.3,0.9,2.6,2.2,3.1,1.1,3.8,5,0.8,1.1,0.4,1.2,2,9.3,,,,,,,202,2015,1,1,"Towns, Karl-Anthony",C,Kentucky,Karl-Anthony Towns,Karl-Anthony Towns,Karl-Anthony Towns,FR,,,,,39,21.1,3.7,6.6,3.7,6.4,0.1,0.2,2.8,3.4,2.4,4.3,6.7,1.1,0.5,2.3,1.4,2.9,10.3,,,,,,,203,2015,1,6,"Cauley-Stein, Willie",C,Kentucky,Willie Cauley-Stein,Willie Cauley-Stein,Willie Cauley-Stein,JR,,,,,39,25.9,3.5,6.1,3.5,6.1,0,0,2,3.3,2.3,4.2,6.4,1,1.2,1.7,1.2,2,8.9,,,,,,,204,2015,1,12,"Lyles, Trey",PF,Kentucky,Trey Lyles,Trey Lyles,Trey Lyles,FR,,,,,36,23,3.3,6.7,3.1,5.9,0.1,0.8,2.1,2.8,1.8,3.4,5.2,1.1,0.5,0.4,1.1,1.6,8.7,,,,,,,205,2015,1,13,"Booker, Devin",SG,Kentucky,Devin Booker,Devin Booker,Devin Booker,FR,,,,,38,21.5,3.6,7.6,2,3.8,1.5,3.7,1.4,1.7,0.4,1.6,2,1.1,0.4,0.1,1,1.5,10,,,,,,,207,2015,2,48,"Johnson, Dakari",C,Kentucky,Dakari Johnson,Dakari Johnson,Dakari Johnson,SO,,,,,39,16.3,2,4,2,4,0,0,2.3,3.7,1.7,2.9,4.6,0.7,0.4,0.9,1.1,1.8,6.4,,,,,,,212,2015,2,55,"Lalanne, Cady",PF,Massachusetts,Cady Lalanne,Cady Lalanne,Cady Lalanne,SR,,,,,32,29,4.3,7.8,4.2,7.3,0.1,0.6,2.8,4.5,3.4,6.1,9.5,0.3,0.6,1.9,2.5,2.7,11.6,,,,,,,213,2015,2,56,"Dawson, Branden",SF,Michigan State,Branden Dawson,Branden Dawson,Branden Dawson,SR,,,,,35,30.1,5.2,9.7,5.2,9.7,0,0,1.5,3,2.9,6.2,9.1,1.7,1.2,1.7,1.9,2.1,11.9,,,,,,,222,2015,1,29,"McCullough, Chris",PF,Syracuse,Chris McCullough,Chris McCullough,Chris McCullough,FR,,,,,16,28.1,3.4,7.1,3.3,7,0.1,0.1,2.5,4.4,2.3,4.6,6.9,1.1,1.7,2.1,2.2,2.6,9.3,,,,,,,223,2015,2,36,"Christmas, Rakeem",PF/C,Syracuse,Rakeem Christmas,Rakeem Christmas,Rakeem Christmas,SR,,,,,31,34.3,6.5,11.9,6.5,11.8,0,0,4.4,6.2,3.1,6,9.1,1.5,0.9,2.5,2.5,3.4,17.5,,,,,,,225,2015,1,11,"Turner, Myles",C,Texas,Myles Turner,Myles Turner,Myles Turner,FR,,,,,34,22.2,3.4,7.6,2.9,5.7,0.5,1.8,2.8,3.3,1.3,5.2,6.5,0.6,0.3,2.6,1.4,2.4,10.1,,,,,,,228,2015,1,17,"Vaughn, Rashad",SG,UNLV,Rashad Vaughn,Rashad Vaughn,Rashad Vaughn,FR,,,,,23,32.3,6.3,14.3,3.9,8.1,2.3,6.1,3,4.3,0.6,4.2,4.8,1.6,0.8,0.3,2.2,2.3,17.8,,,,,,,230,2015,2,38,"Hilliard, Darrun",SG,Villanova,Darrun Hilliard,Darrun Hilliard,Darrun Hilliard,SR,,,,,35,28.8,4.9,11,2.6,5.2,2.3,5.8,2.3,2.9,0.5,2.7,3.1,2.1,1.8,0.3,1.2,2.2,14.3,,,,,,,231,2015,1,21,"Anderson, Justin",SF,Virginia,Justin Anderson,Justin Anderson,Justin Anderson,JR,,,,,26,27.8,4,8.5,2.2,4.5,1.8,4,2.5,3.2,0.7,3.4,4,1.7,0.7,0.5,1.2,1.2,12.2,,,,,,,235,2015,1,27,"Nance Jr., Larry",PF,Wyoming,Larry Nance Jr.,Larry Nance Jr.,Larry Nance Jr.,SR,,,,,31,34.9,6,11.6,5.5,10.3,0.5,1.4,3.7,4.7,1.4,5.8,7.2,2.5,1.2,1.2,2.3,2.2,16.1,,,,,,,154,2014,2,50,"Brown, Alec",C,Green Bay,Alec Brown,Alec Brown,Alec Brown,SR,2013-14,F,Green Bay,Horizon,30,30.3,5.5,11.6,0.476,4.1,8.2,0.498,1.4,3.3,0.42,2.9,4,0.727,2.1,3.6,5.7,1,0.5,3.1,2.2,2.2,15.3,,,155,2014,1,9,"Vonleh, Noah",PF,Indiana,Noah Vonleh,Noah Vonleh,Noah Vonleh,FR,2013-14,F,Indiana,Big Ten,30,26.5,3.8,7.2,0.523,3.2,6.1,0.53,0.5,1.1,0.485,3.2,4.5,0.716,2.4,6.6,9,0.6,0.9,1.4,2.1,2.7,11.3,,,156,2014,2,56,"Marble, Devyn",SG/SF,Iowa,Devyn Marble,Devyn Marble,Devyn Marble,SR,2013-14,G,Iowa,Big Ten,33,30.2,5.5,13.2,0.42,4,8.7,0.456,1.6,4.5,0.349,4.3,6,0.714,0.8,2.4,3.2,3.6,1.8,0.2,1.7,1.9,17,,,158,2014,1,3,"Embiid, Joel",C,Kansas,Joel Embiid,Joel Embiid,Joel Embiid,FR,2013-14,C,Kansas,Big 12,28,23.1,3.8,6.1,0.626,3.8,5.9,0.639,0,0.2,0.2,3.5,5.1,0.685,2.3,5.8,8.1,1.4,0.9,2.6,2.4,3.4,11.2,,,161,2014,2,36,"O'Bryant III, Johnny",PF,Louisiana,Johnny O'Bryant III,Johnny O'Bryant III,Johnny O'Bryant III,JR,2013-14,F,LSE,SEC,34,30,5.9,12,0.494,5.9,11.9,0.495,0,0.1,0.333,3.5,5.5,0.634,3,4.7,7.7,1.6,0.5,0.9,3.2,3.2,15.4,,,165,2014,1,21,"McGary, Mitch",PF,Michigan,Mitch McGary,Mitch McGary,Mitch McGary,SO,2013-14,F,Michigan,Big Ten,8,24.8,3.8,6.9,0.545,3.8,6.6,0.566,0,0.3,0,2,3,0.667,2.9,5.4,8.3,1.5,1.9,0.8,1.6,3.1,9.5,,,166,2014,2,40,"Robinson III, Glenn",SF,Michigan,Glenn Robinson III,Glenn Robinson III,Glenn Robinson III,SO,2013-14,F,Michigan,Big Ten,37,32.3,4.9,10.1,0.488,4,7.2,0.562,0.9,2.9,0.306,2.4,3.1,0.757,1.5,3,4.4,1.2,0.9,0.3,1.2,1.5,13.1,,,167,2014,1,15,"Payne, Adreian",PF,Michigan State,Adreian Payne,Adreian Payne,Adreian Payne,SR,2013-14,C,Michigan State,Big Ten,21,28.1,5.7,11.4,0.503,4.3,8.1,0.536,1.4,3.4,0.423,3.5,4.5,0.79,1.5,5.7,7.3,1.3,0.5,0.9,2,2.6,16.4,,,179,2014,2,39,"Grant, Jerami",SF,Syracuse,Jerami Grant,Jerami Grant,Jerami Grant,SO,2013-14,F,Syracuse,ACC,32,31.4,4.2,8.4,0.496,4.2,8.2,0.506,0,0.2,0,3.8,5.6,0.674,2.4,4.3,6.8,1.4,0.8,0.6,1.2,2.3,12.1,,,182,2014,1,13,"LaVine, Zach",SG,UCLA,Zach LaVine,Zach LaVine,Zach LaVine,FR,2013-14,G,UCLA,Pac-12,37,24.4,3.4,7.8,0.441,2.1,4.3,0.494,1.3,3.5,0.375,1.3,1.8,0.691,0.5,2.1,2.5,1.8,0.9,0.2,1.1,2,9.4,,,188,2014,2,34,"Early, Cleanthony",SF,Wichita State,Cleanthony Early,Cleanthony Early,Cleanthony Early,SO,2013-14,F,Wichita St. ,MVC,36,27.4,5.2,10.7,0.484,3.4,5.8,0.579,1.8,4.9,0.373,4.2,5,0.844,1.3,4.6,5.9,0.8,0.8,0.8,1.9,2.3,16.4,,,99,2013,2,40,"Jerrett, Grant",PF,Arizona,Grant Jerrett,Grant Jerrett,Grant Jerrett,FR,2012-13,F,Arizona,Pac-12,34,17.8,1.9,4.5,0.409,0.9,2.2,0.413,0.9,2.3,0.405,0.5,0.6,0.818,1.1,2.5,3.6,0.5,0.5,1,0.6,1.3,5.2,,,104,2013,1,26,"Roberson, Andr棠逦棠錩棠宕题濠",SG/SF,Colorado,Andre Roberson,Andre Roberson,Andre Roberson,JR,2012-13,F,Colorado,Pac-12,31,33.4,4.3,8.9,0.48,3.6,7,0.521,0.6,1.9,0.328,1.7,3.2,0.551,3,8.2,11.2,1.4,2.2,1.3,2.4,2.5,10.9,,,105,2013,2,53,"Iverson, Colton",C,Colorado State,Colton Iverson,Colton Iverson,Colton Iverson,SR,2012-13,F,Colorado St.,MWC,35,29.5,5.2,8.8,0.596,5.2,8.8,0.596,0,0,,3.7,6.3,0.59,3.3,6.4,9.8,1.3,0.6,0.7,2,2.6,14.2,,,106,2013,2,36,"McCallum Jr., Ray",PG,Detroit,Ray McCallum Jr.,Ray McCallum Jr.,Ray McCallum Jr.,JR,2012-13,G,Detroit,Horizon,33,36.6,6.5,13.2,0.491,5.2,9.3,0.562,1.3,3.9,0.323,4.5,6.2,0.717,1.3,3.8,5.1,4.5,1.9,0.6,2.1,2,18.7,,,108,2013,2,48,"Kelly, Ryan",PF,Duke,Ryan Kelly,Ryan Kelly,Ryan Kelly,SR,2012-13,F,Duke,ACC,23,28.9,4.2,9.2,0.453,2.7,5.6,0.473,1.5,3.6,0.422,3,3.7,0.812,1.6,3.7,5.3,1.7,0.7,1.6,1,2.4,12.9,,,109,2013,2,49,"Murphy, Erik",PF,Florida,Erik Murphy,Erik Murphy,Erik Murphy,SR,2012-13,F,Florida,SEC,36,26.4,4.6,8.8,0.516,2.6,4.4,0.579,2,4.4,0.453,1.1,1.4,0.784,1.6,3.9,5.5,1.4,0.6,0.7,1.4,2.8,12.2,,,112,2013,1,13,"Olynyk, Kelly",C,Gonzaga,Kelly Olynyk,Kelly Olynyk,Kelly Olynyk,JR,2012-13,F,Gonzaga,WCC,32,26.4,6.7,10.7,0.629,6.4,9.8,0.66,0.3,0.9,0.3,4.1,5.3,0.776,2.4,4.9,7.3,1.7,0.7,1.1,2.4,2.3,17.8,,,113,2013,1,2,"Oladipo, Victor",SG/PG,Indiana,Victor Oladipo,Victor Oladipo,Victor Oladipo,JR,2012-13,G,Indiana,Big Ten,36,28.4,5.1,8.4,0.599,4.2,6.6,0.644,0.8,1.9,0.441,2.7,3.6,0.746,2.6,3.7,6.3,2.1,2.2,0.8,2.3,2.5,13.6,,,114,2013,1,4,"Zeller, Cody",C/PF,Indiana,Cody Zeller,Cody Zeller,Cody Zeller,SO,2012-13,F,Indiana,Big Ten,36,29.5,5.5,9.8,0.564,5.5,9.8,0.567,0,0.1,0,5.4,7.2,0.757,2.8,5.2,8,1.3,1,1.3,2.3,2.2,16.5,,,117,2013,1,6,"Noel, Nerlens",C,Kentucky,Nerlens Noel,Nerlens Noel,Nerlens Noel,FR,2012-13,C,Kentucky,SEC,24,31.9,4.1,6.9,0.59,4.1,6.9,0.59,0,0,,2.3,4.3,0.529,2.7,6.8,9.5,1.6,2.1,4.4,1.9,2.6,10.5,,,118,2013,1,29,"Goodwin, Archie",SG,Kentucky,Archie Goodwin,Archie Goodwin,Archie Goodwin,FR,2012-13,G,Kentucky,SEC,33,31.8,4.8,10.8,0.44,4.2,8.9,0.478,0.5,1.9,0.266,4.1,6.4,0.637,1.5,3.2,4.6,2.7,1.1,0.5,3.1,2.9,14.1,,,123,2013,1,5,"Len, Alex",C,Maryland,Alex Len,Alex Len,Alex Len,SO,2012-13,C,Maryland,ACC,38,26.4,4.6,8.5,0.534,4.5,8.3,0.544,0,0.2,0.125,2.8,4,0.686,2.9,5,7.8,1,0.2,2.1,1.6,2.7,11.9,,,126,2013,1,24,"Hardaway Jr., Tim",SG,Michigan,Tim Hardaway Jr.,Tim Hardaway Jr.,Tim Hardaway Jr.,JR,2012-13,G,Michigan,Big Ten,38,34.8,5.3,12.1,0.437,3.4,7,0.483,1.9,5.1,0.374,2,2.9,0.694,0.2,4.4,4.7,2.4,0.7,0.4,1.9,1.9,14.5,,,134,2013,2,51,"Osby, Romero",PF,Oklahoma,Romero Osby,Romero Osby,Romero Osby,SR,2012-13,F,Oklahoma,Big 12,32,28.5,5.4,10.3,0.526,5.2,9.8,0.525,0.3,0.5,0.529,4.8,6.1,0.794,2.1,5,7,1.3,0.6,0.8,1.3,2.4,16,,,135,2013,2,54,"Kazemi, Arsalan",PF,Oregon,Arsalan Kazemi,Arsalan Kazemi,Arsalan Kazemi,SR,2012-13,F,Oregon,Pac-12,35,29,3.2,5.4,0.595,3.2,5.4,0.598,0,0,0,2.9,4.3,0.675,2.8,7.2,10,1.4,2,0.7,1.5,1.9,9.4,,,136,2013,1,12,"Adams, Steven",C,Pittsburgh,Steven Adams,Steven Adams,Steven Adams,FR,2012-13,C,Pitt,Big East,32,23.4,3.1,5.5,0.571,3.1,5.5,0.571,0,0,,1,2.2,0.443,2.8,3.5,6.3,0.6,0.7,2,1.1,1.6,7.2,,,138,2013,2,41,"Franklin, Jamaal",SG,San Diego State,Jamaal Franklin,Jamaal Franklin,Jamaal Franklin,JR,2012-13,G,San Diego State,MWC,32,33.1,5.2,12.5,0.411,3.9,7.9,0.492,1.3,4.6,0.272,5.3,6.8,0.781,1.8,7.8,9.5,3.3,1.6,0.8,3.4,2.6,16.9,,,141,2013,1,14,"Muhammad, Shabazz",SG/SF,UCLA,Shabazz Muhammad,Shabazz Muhammad,Shabazz Muhammad,FR,2012-13,G,UCLA,Pac-12,32,30.8,6.3,14.3,0.443,5.1,10.9,0.463,1.3,3.3,0.377,4,5.6,0.711,2.7,2.5,5.2,0.8,0.7,0.1,1.6,1.7,17.9,,,142,2013,1,1,"Bennett, Anthony",PF/SF,UNLV,Anthony Bennett,Anthony Bennett,Anthony Bennett,FR,2012-13,F,UNLV,MWC,35,27.1,5.8,10.8,0.533,4.7,8.1,0.587,1,2.7,0.375,3.5,5.1,0.701,2.5,5.7,8.1,1,0.7,1.2,1.9,2.3,16.1,,,47,2012,1,28,"Jones III, Perry",SF,Baylor,Perry Jones III,Perry Jones III,Perry Jones III,SO,,,,,33,30.7,5.5,11,5.2,10,0.3,1,2.2,3.1,2.7,4.9,7.6,1.3,0.8,0.6,1.7,2.3,13.5,,,,,,,49,2012,2,38,"Miller, Quincy",SF,Baylor,Quincy Miller,Quincy Miller,Quincy Miller,FR,,,,,37,24.4,3.7,8.4,3.1,6.5,0.6,1.9,2.5,3.1,1.5,3.5,4.9,1.4,0.7,0.6,1.8,1.9,10.6,,,,,,,50,2012,1,9,"Drummond, Andre",C,Connecticut,Andre Drummond,Andre Drummond,Andre Drummond,FR,,,,,34,28.4,4.6,8.6,4.6,8.5,0,0.1,0.8,2.6,3.4,4.2,7.6,0.4,0.8,2.7,1.5,2.2,10,,,,,,,53,2012,1,26,"Plumlee, Miles",C,Duke,Miles Plumlee,Miles Plumlee,Miles Plumlee,SR,,,,,34,20.5,2.6,4.3,2.6,4.3,0,0,1.4,2.2,2.9,4.2,7.1,0.5,0.5,0.9,1.2,2.3,6.6,,,,,,,55,2012,2,33,"James, Bernard",C,Florida State,Bernard James,Bernard James,Bernard James,SO,,,,,35,28,4.5,7.4,4.5,7.4,0,0,1.8,3.3,3.1,5,8.1,0.5,0.7,2.3,2.1,1.9,10.8,,,,,,,56,2012,2,60,"Sacre, Robert",C,Gonzaga,Robert Sacre,Robert Sacre,Robert Sacre,SR,,,,,33,26.3,3.5,6.9,3.5,6.9,0,0.1,4.5,6,2,4.3,6.3,0.7,0.4,1.4,1.8,2.2,11.6,,,,,,,57,2012,1,11,"Leonard, Meyers",C,Illinois,Meyers Leonard,Meyers Leonard,Meyers Leonard,SO,,,,,32,31.8,5.3,9.1,5.3,8.8,0,0.3,2.9,4,2.3,5.9,8.2,1.3,0.5,1.9,2.1,2.9,13.6,,,,,,,67,2012,2,45,"Hamilton, Justin",C,LSU,Justin Hamilton,Justin Hamilton,Justin Hamilton,JR,,,,,33,30,4.8,9.7,4.7,9.3,0.1,0.4,3.2,4.2,3.3,3.9,7.2,0.9,0.8,1.3,1.7,2.5,12.9,,,,,,,78,2012,1,14,"Henson, John",PF,North Carolina,John Henson,John Henson,John Henson,JR,,,,,35,29.1,5.9,11.7,5.9,11.7,0,0,2,3.9,2.5,7.4,9.9,1.3,0.6,2.9,1.3,1.6,13.7,,,,,,,83,2012,1,19,"Nicholson, Andrew",PF,St. Bonaventure,Andrew Nicholson,Andrew Nicholson,Andrew Nicholson,SR,,,,,32,30.1,6.9,12,6.2,10.4,0.7,1.7,4,5.2,2.6,5.8,8.4,1,0.7,2,2.5,2.8,18.5,,,,,,,85,2012,1,4,"Waiters, Dion",SG,Syracuse,Dion Waiters,Dion Waiters,Dion Waiters,SO,,,,,37,24.1,4.6,9.6,3.5,6.6,1.1,3.1,2.3,3.2,0.5,1.8,2.3,2.5,1.8,0.3,1.3,1.9,12.6,,,,,,,86,2012,1,22,"Melo, Fab",C,Syracuse,Fab Melo,Fab Melo,Fab Melo,SO,,,,,30,25.4,3.3,5.8,3.3,5.8,0,0,1.3,2,2.7,3.2,5.8,0.7,0.5,2.9,1.4,2.8,7.8,,,,,,,89,2012,2,39,"Middleton, Khris",SF,Texas A&M,Khris Middleton,Khris Middleton,Khris Middleton,JR,,,,,20,28.8,5.1,12.3,4.1,8.5,1,3.9,2,2.6,1.3,3.7,5,2.3,1,0.3,2.2,1.9,13.2,,,,,,,92,2012,1,30,"Ezeli, Festus",C,Vanderbilt,Festus Ezeli,Festus Ezeli,Festus Ezeli,SR,,,,,26,23.2,3.4,6.3,3.4,6.3,0,0,3.2,5.3,2.4,3.5,5.9,0.3,0.4,2,2.2,3.2,10.1,,,,,,,96,2012,1,25,"Wroten, Tony",PG,Washington,Tony Wroten,Tony Wroten,Tony Wroten,FR,,,,,35,30.3,5.7,12.8,5.4,11.2,0.3,1.6,4.4,7.5,2.3,2.7,5,3.7,1.9,0.4,3.8,2.7,16,,,,,,,8,2011,1,1,"Irving, Kyrie",PG,Duke,Kyrie Irving,Kyrie Irving,Kyrie Irving,FR,,,,,11,27.5,5,9.5,3.4,5.9,1.6,3.5,5.8,6.5,0.5,2.8,3.4,4.3,1.5,0.5,2.5,2.1,17.5,,,,,,,12,2011,2,52,"Macklin, Vernon",PF,Florida,Vernon Macklin,Vernon Macklin,Vernon Macklin,SR,,,,,37,24.5,5.2,8.7,5.2,8.7,0,0,1.2,2.8,2.2,3.2,5.4,0.8,0.4,0.7,1.7,2.5,11.6,,,,,,,13,2011,1,18,"Singleton, Chris",SF,Florida State,Chris Singleton,Chris Singleton,Chris Singleton,JR,,,,,28,29.1,4.4,10.2,3.2,6.8,1.3,3.4,3,4.5,2.1,4.8,6.8,1.2,2,1.5,2.2,3.2,13.1,,,,,,,14,2011,2,37,"Thompkins, Trey",PF,Georgia,Trey Thompkins,Trey Thompkins,Trey Thompkins,JR,,,,,30,31.2,6.5,13.4,5.7,11,0.8,2.5,2.7,4,1.9,5.8,7.6,1.4,1.1,1.7,2.5,2.2,16.4,,,,,,,15,2011,2,47,"Leslie, Travis",SG,Georgia,Travis Leslie,Travis Leslie,Travis Leslie,JR,,,,,33,32.2,5.4,10.9,5,9.6,0.4,1.3,3.3,4.1,3.2,4,7.2,2.9,1.2,0.6,2.2,1.9,14.4,,,,,,,16,2011,1,17,"Shumpert, Iman",SG,Georgia Tech,Iman Shumpert,Iman Shumpert,Iman Shumpert,JR,,,,,31,32,5.7,14.1,4.4,9.2,1.4,4.9,4.5,5.6,1.7,4.2,5.9,3.5,2.7,0.2,2.3,2.8,17.3,,,,,,,18,2011,1,13,"Morris, Markieff",PF,Kansas,Markieff Morris,Markieff Morris,Markieff Morris,JR,,,,,38,24.4,5.1,8.7,4.5,7.2,0.7,1.6,2.7,4,2.7,5.6,8.3,1.4,0.8,1.1,2.1,2.8,13.6,,,,,,,20,2011,2,49,"Selby, Josh",PG,Kansas,Josh Selby,Josh Selby,Josh Selby,FR,,,,,26,20.4,2.8,7.4,1.5,3.8,1.3,3.6,1.1,1.4,0.4,1.8,2.2,2.2,0.8,0,2,1.7,7.9,,,,,,,33,2011,2,55,"Moore, Etwaun",SG,Purdue,Etwaun Moore,Etwaun Moore,Etwaun Moore,SR,,,,,34,33.9,6.5,14.5,4.4,9.4,2.1,5.1,2.9,4.1,1.5,3.6,5.1,3.2,1.2,0.5,1.8,2.1,18,,,,,,,37,2011,1,19,"Harris, Tobias",SF,Tennessee,Tobias Harris,Tobias Harris,Tobias Harris,FR,,,,,34,29.2,5.4,11.8,4.8,9.6,0.7,2.2,3.8,5,2,5.3,7.3,1.3,0.7,0.9,1.8,2.1,15.3,,,,,,,43,2011,1,16,"Vu棠宕棠遢棠宕题鍗evi棠宕棠遢棠逦棠錩, Nikola",C,USC,Nikola Vucevic,Nikola Vucevic,Nikola Vucevic,JR,,,,,34,34.9,6.3,12.5,5.5,10.1,0.9,2.4,3.6,4.8,2.9,7.4,10.3,1.6,0.5,1.4,1.7,2.8,17.1,,,,,,,